,0,1,2,3
0,29.70999908,0.00428,15936.91489,37.36000061
1,28.10499954,0.00232,20909.48264,37.02999878
2,32.09500122,0.00425,18651.76392,35.34999847
3,43.43999863,0.0046,22089.13103,52.20000076
4,36.47499847,0.00313,14952.07589,46.47000122
5,34.34000015,0.0031,22474.19365,29.96999931
6,33.08499908,0.00284,18200.70429,40.68000031
7,42.25,0.00379,19029.02466,39.81999969
8,33.67499924,0.00324,20975.3083,35.56999969
9,42.02999878,0.0041,12195.12223,37.90999985
10,23.95000076,0.0016,35412.49938,20.63999939
11,54.20500183,0.00309,20653.72216,35.11000061
12,46.26499939,0.00211,15161.13809,32.25
13,21.56500053,0.00811,7871.763607,45.45000076
14,55.97000122,0.00328,6871.951559,40.43000031
15,90.55500031,0.00423,5494.089756,43.04000092
16,27.62999916,0.00762,2750.656089,54.54999924
17,89.33000183,0.00515,6033.009538,35.27000046
18,87.75499725,0.00642,5299.065429,45.91999817
19,55.93000031,0.00533,3885.553355,48.75
20,83.08999634,0.00409,6772.616071,36.29000092
21,52.41500092,0.00397,4760.705159,43.15999985
22,91.32499695,0.00895,1903.910757,50.47999954
23,56.01499939,0.00507,4773.175531,38.09999847
24,144.0249939,0.00323,8089.782974,46.79999924
25,28.21999931,0.00668,4317.365403,32.31999969
26,91.01999664,0.00451,8310.420763,31.38999939
27,92.18499756,0.00302,3596.026399,42.40000153
28,21.70000076,0.016690001,3437.986772,47.29000092
29,139.5399933,0.00346,4806.358086,33.16999817
30,29.32500076,0.00384,16536.4587,38.75999832
31,28.06999969,0.00142,20577.46493,31.42000008
32,43.72999954,0.00334,20835.32878,38.68000031
33,44.31999969,0.00583,16773.58528,42.65000153
34,38.29000092,0.00406,20081.28077,49.40999985
35,34.25,0.00315,15190.47525,29.30999947
36,33.16999817,0.00219,27392.69411,37.33000183
37,39.90000153,0.00339,17348.08246,39.93999863
38,32.75,0.00357,20134.45339,35.72000122
39,40.65499878,0.00493,10951.31918,33.86999893
40,28.22999954,0.00453,8649.006289,32.97000122
41,42.11999893,0.00298,20291.94659,36.47000122
42,48.06000137,0.00375,9770.666504,38.11000061
43,28.54999924,0.00331,12048.3389,46.29000092
44,54.77000046,0.00217,13470.0454,33.04000092
45,40.16500092,0.0048,13739.58215,39.27000046
46,27.29999924,0.00359,9289.69339,48.93000031
47,40.83000183,0.00386,16225.38932,32.52999878
48,50.77000046,0.00525,17409.5241,51.83000183
49,67.70999908,0.00254,13452.75539,44.58000183
50,28.69499969,0.00345,20055.07289,30.06999969
51,36.59500122,0.00337,14931.75116,39.81999969
52,46.22499847,0.00273,13131.86748,39.81999969
53,26.16500092,0.00409,17479.21643,30.67000008
54,53.54499817,0.00456,13712.7192,28.01000023
55,41.49499893,0.0044,11377.27279,34.02000046
56,32.05500031,0.00452,21453.54018,35.15000153
57,48.63999939,0.00088,16863.63663,27.36000061
58,23.20000076,0.00939,2472.843287,45.61000061
59,55.50500107,0.00515,4310.67968,41.13000107
60,30.71999931,0.00489,12331.28852,42.06000137
61,27.29999924,0.00498,10921.68658,54.36999893
62,43.49000168,0.00466,21978.5411,30.79000092
63,46.68500137,0.00678,19464.60135,51.63999939
64,35.83000183,0.00132,17515.15145,24.10000038
65,44.91999817,0.00373,18335.12039,30.40999985
66,29.93499947,0.00505,11883.16754,38.77999878
67,44.59999847,0.00579,15341.96933,42.11999893
68,33.61500168,0.00473,9915.433686,28.13999939
69,48.15999985,0.00537,10893.85498,36.36000061
70,28.59000015,0.00272,14860.29329,22.5
71,50.54999924,0.00489,17069.53037,36.54999924
72,47.08499908,0.00255,3670.588169,41.77000046
73,24.03000069,0.00621,3020.933996,41.09999847
74,74.625,0.00239,4983.263316,44.13999939
75,30.59499931,0.00393,27905.85148,43.20999908
76,38.27999878,0.00128,39640.6272,24.17000008
77,19.09499931,0.00314,27484.07649,30.70999908
78,39.40499878,0.00516,24362.40364,42.27999878
79,38.77500153,0.0031,20219.35556,39.40999985
80,14.13000011,0.00081,69185.18611,21.62999916
81,29.26499939,0.00341,32700.87957,39.34999847
82,28.29999924,0.00247,25186.23416,30.62999916
83,23.81500053,0.00327,27207.9516,27.79000092
84,33.02000046,0.00364,24260.98764,32.54000092
85,27.64500046,0.00096,84812.49999,18.81999969
86,28.50499916,0.00353,30113.31556,35.00999832
87,34.36999893,0.00218,10440.36676,39.40000153
88,23.625,0.00448,13502.23246,41.86000061
89,41.04999924,0.00235,10480.85113,40.25999832
90,26.22500038,0.00509,20394.89085,44.93999863
91,28.07999992,0.00181,19232.04557,39.47000122
92,36.73500061,0.00428,22102.8023,31.70000076
93,43.75999832,0.00457,17971.55233,53.20999908
94,49.56499863,0.00217,20557.60325,37.81999969
95,23.20000076,0.00483,18993.78868,30.96999931
96,32.33499908,0.00402,18194.02979,40.54999924
97,33.64500046,0.00454,22052.86423,42.24000168
98,24.10499954,0.0031,18196.7747,25.02000046
99,41.54499817,0.00428,16401.86764,36.88999939
100,24.22999954,0.00214,19710.27955,23.84000015
101,42.34999847,0.00287,22177.70176,39.36000061
102,40.06000137,0.00564,5085.106557,39.59000015
103,25.59000015,0.00598,2498.327681,53.16999817
104,39.90499878,0.00243,5699.588478,39.79000092
105,40.22999954,0.006,13568.33394,38.65000153
106,27.29000092,0.00355,19692.95904,31.52000046
107,37.86000061,0.00507,15386.58767,24.97999954
108,54.86000061,0.00704,13815.34129,48.66999817
109,55.27999878,0.0036,13383.33377,35.88000107
110,22.30500031,0.00403,12970.22276,32.70000076
111,37.64500046,0.00401,13004.98717,35.97000122
112,36.45500183,0.00526,11340.30398,41.31000137
113,27.34000015,0.00415,22265.0601,25.51000023
114,46.75500107,0.00481,12064.44895,39.77000046
115,24.375,0.00267,11235.95474,24.38999939
116,47.68500137,0.0045,17868.8897,40.88999939
117,65.32499695,0.0047,3965.957478,41.93999863
118,19.56500053,0.00207,6159.420488,24.70000076
119,53.72000122,0.00359,2696.37898,48
120,32.29499817,0.00519,12662.8132,36.25
121,27.29999924,0.00408,10296.56841,54.36999893
122,46.72999954,0.00411,16413.62455,36.54000092
123,57.93999863,0.00582,11434.70809,51.47999954
124,43.70500183,0.00563,15547.06874,39.24000168
125,31.23500061,0.00411,14600.97235,29.15999985
126,36.38000107,0.00363,16589.53149,30.42000008
127,41.47499847,0.00431,21767.98166,40.68999863
128,49.51499939,0.00357,12442.57675,28.44000053
129,45.39500046,0.00467,11175.58839,40.22999954
130,26.42000008,0.00258,17313.95329,22.12999916
131,60.16500092,0.00279,20953.40498,33.02000046
132,48.54999924,0.00397,3176.322309,44.43999863
133,23.35499954,0.00567,2509.700062,44.66999817
134,55.34500122,0.00326,3858.895693,40.15000153
135,69.15499878,0.0044,5084.09099,40.47999954
136,27.72999954,0.00699,2862.661071,54.52000046
137,96.40499878,0.00403,7379.652164,39.20000076
138,68.89499664,0.0042,5892.85741,43.81999969
139,48.58499908,0.00445,5065.168962,50.31000137
140,53.45500183,0.00517,7514.506364,37.61999893
141,50.59999847,0.00485,6391.752703,41.97000122
142,69.27999878,0.00727,5328.748525,49.00999832
143,50.73500061,0.00628,5589.171545,32.77999878
144,66.97000122,0.00705,4968.794019,33.65000153
145,21.17000008,0.02285,727.3523222,46.77999878
146,72.48999786,0.00765,5466.666559,32.06000137
147,114.8349991,0.00319,4090.909077,36.59999847
148,149.7350006,0.00298,1859.060378,43.84000015
149,60.23500061,0.00418,4066.985813,35.99000168
150,71.48000336,0.00419,5861.574971,39.49000168
151,27.72500038,0.00689,4706.821616,54.50999832
152,70.81500244,0.00491,7853.361013,31.62999916
153,111.8949966,0.0053,5716.980782,48.11000061
154,23.37000084,0.01074,4595.903321,52
155,93.36000061,0.00446,10943.9464,31.82999992
156,76.97499847,0.00633,5897.314736,34.36000061
157,62.59500122,0.00906,1913.907213,52.88000107
158,70.19999695,0.00384,11583.33347,31.62000084
159,133.3249969,0.00429,6599.067533,38.34000015
160,25.58499908,0.0097,4019.587881,33.61000061
161,99.44000244,0.00486,6343.621209,39.97999954
162,69.25499725,0.00455,4676.923032,29.52000046
163,23.02499962,0.01325,2927.547239,43.61000061
164,123.5500031,0.0044,3599.999957,39.63000107
165,36.74499893,0.00392,16614.79489,38.16999817
166,27.23999977,0.00074,76797.29878,15.68000031
167,38.22000122,0.004,20684.99947,35.18999863
168,52.66999817,0.00569,16254.8325,49.25
169,59,0.00363,22851.23811,35.54000092
170,23.59000015,0.00354,18008.47477,30.88999939
171,31.13999939,0.00301,24425.24813,41.22999954
172,38.89500046,0.00281,14743.77265,40.56999969
173,34.48500061,0.00419,20491.64664,28.87000084
174,43.27999878,0.00419,12973.74699,36.52000046
175,23.73999977,0.00223,23636.77069,23.05999947
176,52.06499863,0.00352,20076.70413,31.78000069
177,48.63000107,0.00355,3983.098742,44.06999969
178,21.20000076,0.00507,3761.341035,43.90000153
179,65.54499817,0.00283,4862.191025,44.15000153
180,67.93499756,0.00519,7524.084548,32.72000122
181,27.72500038,0.00652,5180.981423,54.49000168
182,62.92499924,0.00401,7995.012355,32.74000168
183,96.70500183,0.00358,9818.43639,34.77999878
184,24.66500092,0.01206,5077.943578,54.22999954
185,75.25499725,0.00596,6395.972934,43.29000092
186,122.4400024,0.00337,6264.095349,42.49000168
187,60.44499969,0.0047,8559.574718,47.33000183
188,51.50999832,0.00527,6222.011581,43.52999878
189,107.1549988,0.00225,11142.22209,21.92000008
190,27.29500008,0.01416,3181.497156,33.65000153
191,72.44999695,0.0054,7399.9997,36.54999924
192,74.54000092,0.00466,8190.987,25.38999939
193,20,0.01581,3018.342818,47.22999954
194,147.2850037,0.00406,3463.054339,43.75
195,49.26499939,0.00522,6909.961905,31.56999969
196,27.72500038,0.00565,4853.097277,54.45999908
197,62.63999939,0.0053,10943.39583,38.02000046
198,53.38499832,0.00508,9942.913205,44.93999863
199,37.09500122,0.00673,5383.358015,42.00999832
200,30.76499939,0.00605,7494.214665,32.27999878
201,61.98500061,0.00412,16849.51459,26.12999916
202,36.84500122,0.00451,6853.658155,47.86999893
203,57.04499817,0.00494,10767.20608,27.25
204,114.5500031,0.00287,6505.226767,44.04999924
205,25.34499931,0.0057,3812.280749,33.02000046
206,52.75500107,0.00438,9993.150528,31.80999947
207,68.44499969,0.00224,33218.75149,20.80999947
208,21.26000023,0.01842,2964.169286,47.16999817
209,141,0.00708,2252.824856,42.45000076
210,44.94499969,0.00344,11470.92978,36.50999832
211,27.72500038,0.00648,6790.123437,54.45999908
212,53.72999954,0.00392,14084.18317,30.63999939
213,98.45999908,0.0048,7612.499888,50.22999954
214,27.92499924,0.00791,4687.737364,54.40999985
215,25.94000053,0.0049,8897.958699,35.00999832
216,60.86500168,0.00374,7139.037619,33.33000183
217,77.5,0.00418,10715.31166,51.18000031
218,51.81499863,0.00602,10106.31235,29.04000092
219,88.08499908,0.00399,7340.852342,34.20999908
220,43.86500168,0.00552,2733.695689,27.62000084
221,84.71499634,0.00377,14946.94927,30.95999908
222,76.09500122,0.0026,13361.5396,21.53000069
223,19.96999931,0.01693,2236.266977,46.25
224,129.375,0.0032,2562.499902,43.49000168
225,37.43999863,0.00481,8594.594729,39.52000046
226,27.71999931,0.00412,6402.912596,54.43999863
227,56.18500137,0.00483,14548.65378,38.63000107
228,60.04499817,0.00479,11680.5848,36.81000137
229,61.47499847,0.00366,11240.43673,50
230,25.03000069,0.00508,12395.66972,30.43000031
231,55.84000015,0.00323,16910.21629,33.15999985
232,43.52500153,0.0054,8627.777654,51.43999863
233,59.51499939,0.00435,10744.82821,37.54999924
234,65.73500061,0.00332,11021.0846,33.66999817
235,55.99000168,0.00322,5183.229933,47.06999969
236,55.63999939,0.00349,12610.31467,26.85000038
237,58.36999893,0.00298,6976.51033,30.85000038
238,20.92000008,0.01089,4337.006249,45.52999878
239,110.5950012,0.00331,5290.030372,30.48999977
240,40.76499939,0.00392,13374.99982,37.88000107
241,27.21500015,0.00472,17396.18734,37.88999939
242,45.26499939,0.00478,14849.37244,32.86000061
243,63.71500015,0.00491,19718.94149,45.36999893
244,25.96999931,0.00413,6825.6658,54.31000137
245,26.42499924,0.00429,19104.89506,32.52999878
246,36.17499924,0.00324,16496.91377,36.38999939
247,37.90000153,0.00443,12101.58074,34.70000076
248,37.70500183,0.00619,16182.55206,41.56999969
249,56.10499954,0.00425,9901.176901,34.63000107
250,27.74500084,0.00203,15591.13304,20.64999962
251,49.94499969,0.00424,16462.26576,41.77000046
252,47.84000015,0.00177,9694.915273,33.77999878
253,21.98500061,0.00837,3354.838746,44.04999924
254,69.44499969,0.00302,3688.741859,46.18000031
255,52.66500092,0.00532,7787.593791,34.93999863
256,27.75,0.0058,4155.172343,54.47999954
257,62.27500153,0.00407,13574.938,30.59000015
258,97.44499969,0.00426,7347.417267,50.45000076
259,19.93499947,0.00881,7161.180153,51.77999878
260,55.33499908,0.00368,8820.651765,36.49000168
261,50.36000061,0.00254,16433.07177,27.11000061
262,59.61000061,0.00767,4533.246429,52.04999924
263,49.72000122,0.0066,9153.030412,34.40000153
264,133.4900055,0.00293,5293.515316,36.56999969
265,29.11000061,0.0046,7004.348237,31.03000069
266,45.81499863,0.00488,12454.91749,31.82999992
267,84.45999908,0.00331,7722.054353,23.22999954
268,21.51499939,0.016549999,2409.063491,47.24000168
269,135.0700073,0.00419,3863.961889,38.34999847
270,43.28499985,0.00411,9248.174474,37.88999939
271,27.71999931,0.00498,4763.052053,54.45000076
272,55.27000046,0.00458,11325.32747,39.25
273,57.79499817,0.00454,7722.467328,47.22999954
274,53.27999878,0.0045,8331.111484,49.40000153
275,25.40999985,0.0065,7827.692472,33.86000061
276,59.40999985,0.00556,9179.856374,28.21999931
277,22.66500092,0.00938,10911.51356,31.26000023
278,70.24500275,0.00351,13663.81744,35.77000046
279,59.14500046,0.00365,8328.766801,44.16999817
280,29.37999916,0.00249,9558.232589,24.19000053
281,89.33000183,0.00344,8249.999619,43.20000076
282,65.79000092,0.0019,32110.52584,20.23999977
283,20.12000084,0.01005,5639.800918,45.68999863
284,89.58499908,0.00279,9587.813751,43.09000015
285,36.40999985,0.00559,8395.348663,35.22000122
286,27.78000069,0.006,2998.333295,54.43999863
287,57.69499969,0.00542,10874.53834,38.24000168
288,72.01999664,0.0054,7762.962487,50.68999863
289,24.29500008,0.01396,11497.85058,54.38999939
290,24.5,0.0086,8465.116258,30.38999939
291,38.27999878,0.00302,8284.768416,35.70999908
292,54.65999985,0.00462,12932.90075,48.90000153
293,49.54999924,0.00377,16623.34177,30.45999908
294,80.32499695,0.00357,6557.423049,43.02000046
295,34.71500015,0.00552,6510.869339,42.93000031
296,58.81999969,0.00423,14508.27391,22.67000008
297,73.28500366,0.0024,8845.832791,30.17000008
298,21.72500038,0.01108,1129.963948,47.27000046
299,116.9599991,0.00325,3800.000117,43.27999878
300,31.68499947,0.00498,13351.40514,42.47999954
301,28.08499908,0.00428,14553.73782,42.83000183
302,38.02999878,0.00427,24925.05873,36.93999863
303,43.79000092,0.00644,18035.71436,51.25
304,50.50500107,0.00264,17128.78766,36.58000183
305,21.87999916,0.00401,18778.05455,31.88999939
306,31.82500076,0.00322,17968.94413,40.24000168
307,37.19499969,0.00489,19795.50219,34.75
308,30.47500038,0.00359,16676.88032,31
309,44.29000092,0.00396,11340.90894,34.41999817
310,23.80500031,0.00176,14215.90943,21.40999985
311,42.50500107,0.00452,23626.1065,43.74000168
312,46.20000076,0.00534,4007.490451,42.90000153
313,20.19499969,0.0006,26899.99791,16.37000084
314,62.21500015,0.00288,5045.138596,45.20000076
315,28.12999916,0.00628,16495.2218,42.18000031
316,28.06999969,0.00489,13830.26566,37.36999893
317,28.98500061,0.00389,22393.31575,29.43000031
318,37.61000061,0.00537,13165.73528,50.13999939
319,47.125,0.00254,23917.32319,42.33000183
320,18.12000084,0.00382,19023.56006,34.11000061
321,28.24500084,0.00342,17479.53142,37.41999817
322,35.72499847,0.00413,22004.84134,47.81000137
323,25.25,0.00354,18870.05756,27.88999939
324,41.08000183,0.00407,14702.70212,31.38999939
325,23.71999931,0.00152,17230.26373,20.22999954
326,39.99499893,0.00424,22549.52966,47.13000107
327,38.66500092,0.00346,3965.317953,45.79000092
328,23.61499977,0.00479,3254.697344,53.18999863
329,45.83499908,0.00262,5217.557509,37.54999924
330,56.73500061,0.00382,9157.068103,39.61999893
331,27.72500038,0.00492,4597.561075,54.45999908
332,54.86999893,0.00568,10213.02818,36.29999924
333,79.84999847,0.00522,8174.32948,50.59000015
334,22.32500076,0.00773,6323.415388,54.40000153
335,26.75499916,0.00492,7934.959413,36.06000137
336,66.27500153,0.00403,14660.04932,31.12999916
337,58.85499954,0.00405,8459.258446,49.84000015
338,46.40999985,0.00574,19566.20245,39.72999954
339,128.7200012,0.00395,6141.772136,45.50999832
340,26.44499969,0.00975,3508.717855,33.59000015
341,54.15999985,0.00361,16326.8699,20.52000046
342,85.44499969,0.00238,23470.58736,19.59000015
343,38.66500092,0.01259,3347.100785,32.70000076
344,110.8600006,0.00357,5551.820747,42.54999924
345,31.42000008,0.00402,13636.81591,39.93000031
346,27.29500008,0.00359,10701.94961,54.36000061
347,41.86500168,0.00434,17191.24378,38.79000092
348,42.10499954,0.00641,17151.32684,42.52999878
349,37.06999969,0.00348,12841.95356,42.22000122
350,22.31999969,0.00428,16427.56872,38.29999924
351,28.61000061,0.00427,13749.41437,36.93000031
352,49.125,0.00443,14442.43838,51.47000122
353,26.17000008,0.00466,14931.33135,29.47999954
354,49.06000137,0.00368,10084.23911,38.49000168
355,26.47999954,0.00215,21767.44054,23.38999939
356,50.27000046,0.00377,16647.21449,43.49000168
357,48.43999863,0.00467,4023.554734,42.93000031
358,19.49500084,0.00224,6017.856913,29.80999947
359,53.34500122,0.00387,4361.757018,45.68999863
360,83.11000061,0.00438,5605.02251,39.61000061
361,27.625,0.00743,3487.214057,54.54000092
362,85.37000275,0.00404,5900.990192,38.31999969
363,101.6200027,0.004,6302.499771,48.40000153
364,52.49499893,0.00444,5099.098896,46.34999847
365,71.37999725,0.00501,10467.06512,40.56999969
366,106.5400009,0.0033,6012.121345,36.41999817
367,66.05999756,0.00635,3362.204835,43.95000076
368,65.83999634,0.00572,6253.496813,33.09000015
369,111.6200027,0.00528,3746.212102,39.22999954
370,57.86500168,0.00625,4956.799927,41.34999847
371,64.34500122,0.00618,7605.178205,26.20999908
372,90.78500366,0.00296,4652.027122,30.10000038
373,22.78000069,0.01135,5505.726835,42.97000122
374,187.5299988,0.00297,4434.343417,40.65999985
375,54.77000046,0.00342,11587.71935,37.97999954
376,27.74500084,0.00612,8477.124516,54.47000122
377,54.78499985,0.00588,9013.605267,35.27000046
378,99.63999939,0.00422,8056.872438,48.65000153
379,57.49499893,0.00559,7207.513384,40.63999939
380,33.61999893,0.00486,18037.0373,22.70000076
381,60.72999954,0.00338,11245.56125,25.36000061
382,64.73500061,0.00658,7756.839135,47.04000092
383,49.46500015,0.00437,9135.011262,34.40999985
384,89.70500183,0.00428,6397.195752,29.52000046
385,62.06999969,0.00236,3949.152589,47.36000061
386,52.31499863,0.0062,8404.839067,34.38000107
387,64.08000183,0.00254,16775.59104,18.46999931
388,22.81999969,0.01112,2358.812933,43.88999939
389,147.0700073,0.00333,3711.711694,42.74000168
390,56.94499969,0.00563,8506.216415,30.01000023
391,27.73999977,0.00728,6024.725185,54.47000122
392,59.06499863,0.00603,7348.258679,39.52000046
393,84.08000183,0.005,6858.000183,48.06999969
394,23.81999969,0.00614,4986.970929,54.41999817
395,40.85499954,0.00372,7629.031974,39.86999893
396,52.47000122,0.00422,12893.36553,39.13000107
397,59.75,0.00591,7394.247359,50.13999939
398,51.74499893,0.00341,11847.50748,21.85000038
399,131.375,0.00309,4802.58918,44.5
400,26.48999977,0.00588,4812.924947,31.79000092
401,56.625,0.00475,11406.31585,28.98999977
402,57.00999832,0.00201,17532.33923,19.55999947
403,22.08499908,0.01423,4534.785724,45.45000076
404,139.4199982,0.00296,3918.918997,39.47000122
405,37.34999847,0.00528,9371.211662,35.04999924
406,27.72500038,0.0047,23868.08614,32
407,59.08499908,0.00551,6245.008787,39.95000076
408,57.59999847,0.00747,11103.07962,33.45000076
409,51.63499832,0.00549,11397.08603,35.29000092
410,29.55500031,0.00577,10331.02267,34.40000153
411,44.02999878,0.00376,10242.02086,42.54000092
412,77.81500244,0.00496,9997.983825,48.02000046
413,36.29499817,0.00375,14135.99955,29.82999992
414,72.41500092,0.00215,13697.67417,27.40999985
415,22.70499992,0.00921,5633.007693,35.95999908
416,43.77000046,0.00687,9938.864617,44.81999969
417,58.68000031,0.0056,4405.357232,40.34000015
418,25.86499977,3.00E-05,152000.0015,13.36999989
419,106.6500015,0.00302,5735.099273,33.47000122
420,44.11999893,0.00414,11608.69636,41.36000061
421,27.31999969,0.00413,16777.23947,54.40999985
422,52.43000031,0.00359,13615.59951,35.81000137
423,71.29000092,0.0045,11024.44458,49.70999908
424,23.74500084,0.00667,7040.479542,54.34000015
425,36.79999924,0.00441,13124.71725,32.81000137
426,50.55500031,0.00435,11045.97708,29.70000076
427,53.29499817,0.0071,13300.00022,43.84999847
428,31.79000092,0.00532,12231.20256,28.34000015
429,62.65499878,0.00398,8447.235872,41.50999832
430,27.58499908,0.00289,6141.868289,31.44000053
431,69.51999664,0.00421,11900.23706,38.09000015
432,54.38999939,0.00483,3424.430885,46.43000031
433,23.20000076,0.00023,6652.173668,14.89999962
434,79.53500366,0.0029,5599.999737,38.08000183
435,32.45500183,0.00642,17272.58537,41.29000092
436,26.66500092,0.00202,19821.78282,32.45999908
437,26.96500015,0.00438,31689.49759,31.70999908
438,38.58499908,0.00376,22146.27576,45.59999847
439,46.81499863,0.00243,25695.47198,44.45000076
440,22.71999931,0.00308,20071.42897,38.34999847
441,26.05999947,0.00301,24554.81857,44.93999863
442,31.67499924,0.00364,24340.65822,41.36000061
443,38.34999847,0.00251,22844.62166,39.27999878
444,36.43000031,0.00454,16387.66567,34.36000061
445,24.23500061,0.00178,33382.02198,21.38999939
446,38.34500122,0.00481,26893.97134,33.93999863
447,39.83000183,0.00298,8573.825192,36.06999969
448,22.53499985,0.00632,5757.911139,42.97000122
449,50.38499832,0.0027,6707.407515,43.63999939
450,64.64499664,0.00447,6219.239495,38.41999817
451,27.71999931,0.00636,4522.01252,54.5
452,71.03500366,0.00385,9438.961312,32.29000092
453,85.47000122,0.00469,5801.705491,47.63999939
454,76.98999786,0.00314,9942.674608,36.20999908
455,48.27000046,0.00602,8393.687531,39.31000137
456,53.91999817,0.00517,6588.007905,45.18999863
457,89.08000183,0.00434,5875.57583,51.90999985
458,67.94499969,0.003,18166.66667,20.30999947
459,88.44000244,0.00084,25726.19201,22.20000076
460,43.81000137,0.00983,3166.836155,52.86000061
461,65.54000092,0.00537,13910.61425,28.17000008
462,69.13999939,0.004,9932.499886,25.02000046
463,20.22999954,0.01734,871.9723041,47.40000153
464,139.625,0.0044,2754.545369,38.72999954
465,29.04000092,0.00389,15179.94798,39.38999939
466,28.06999969,0.00075,53973.33272,22.37999916
467,37.10499954,0.00443,16742.66389,43.13000107
468,53.84500122,0.00414,15579.71065,46.90000153
469,23.32500076,0.00547,14630.71332,42.29999924
470,31.49500084,0.00323,23102.1679,25.38999939
471,32.50500107,0.00467,18661.67026,35.61999893
472,34.63000107,0.00489,13615.54267,47.40000153
473,26.20499992,0.004,14707.50046,28.77000046
474,42.17499924,0.0046,12371.73935,37.97999954
475,24.02000046,0.00195,22907.69081,21.87999916
476,47.45999908,0.00431,17624.12995,38.86000061
477,44.71500015,0.00414,4178.743912,42.06999969
478,20.01499939,0.00565,3437.168097,44.77999878
479,58.27999878,0.00312,4314.102735,42.58000183
480,63.29999924,0.00471,9354.564972,29.04000092
481,27.71500015,0.00768,5759.114652,54.49000168
482,62.77000046,0.00483,7650.103798,38.95000076
483,87.95999908,0.00507,6998.027286,46.93999863
484,43.34000015,0.00485,9767.010281,39.81000137
485,49.82500076,0.00436,8282.109978,31.95999908
486,57.70000076,0.00578,3887.542993,38.20000076
487,32.61500168,0.00563,9090.586015,46.08000183
488,53.77000046,0.00267,11127.34016,40.84000015
489,91.07499695,0.00507,6623.274299,29.67000008
490,19.13500023,0.012,2914.166768,41.81000137
491,112.4950027,0.0042,6228.571675,39.13000107
492,77.75,0.00404,3685.643684,27.96999931
493,22.75,0.01291,1766.072774,43.63000107
494,115.6050034,0.00462,1841.991437,42.09000015
495,48.00500107,0.00614,9364.821051,31.69000053
496,27.72500038,0.00535,2689.719738,54.47000122
497,63.70999908,0.00521,11769.67356,32.79000092
498,90.44499969,0.00534,8280.898868,48.45999908
499,19.47500038,0.01577,5314.520934,54.41999817
500,27.75499916,0.00723,6715.075949,38.22999954
501,57.68999863,0.00635,10944.88205,25.15999985
502,38.09999847,0.00915,6641.530382,50.34000015
503,67.68499756,0.00506,15090.90938,33.79000092
504,78.94999695,0.00194,18469.07256,25.43000031
505,34.40999985,0.00753,3176.626748,54.25999832
506,55.81000137,0.00556,6669.065146,41.06000137
507,64.73999786,0.00324,8009.259471,27.30999947
508,24.08499908,0.0126,3054.761945,46.31000137
509,101.7350006,0.00331,2939.576952,43.18999863
510,63.97499847,0.00449,8576.83748,33.52000046
511,27.71500015,0.008,4927.499771,54.49000168
512,62.06499863,0.00602,7141.196315,31.59000015
513,81.95500183,0.00551,7687.840082,37.27999878
514,40.5,0.0055,4209.09084,50.61999893
515,51.45000076,0.00469,7132.196238,28.36000061
516,71.45500183,0.00393,5035.623557,31.39999962
517,93.18499756,0.0041,6087.804796,50.95999908
518,54.31499863,0.00553,7437.612931,42.93000031
519,94.87000275,0.00124,33596.77381,24.07999992
520,28.27000046,0.01514,3832.892831,34.52999878
521,70.72000122,0.00492,8646.341515,31.45000076
522,80.375,0.00354,5209.039755,32.59000015
523,21.63500023,0.00677,2571.639571,27.06999969
524,110.6449966,0.00371,4312.668419,34.20999908
525,65.55500031,0.00457,4923.413382,40.47000122
526,27.72500038,0.00638,4076.802471,54.50999832
527,74.15499878,0.00394,6969.542814,38.47000122
528,91.91000366,0.00589,5899.830354,49.38999939
529,81.67500305,0.00424,4379.717146,42.34999847
530,35.58499908,0.0055,5700.000069,39.13000107
531,94.63500214,0.00339,10150.44212,34.02000046
532,64.55999756,0.00529,5338.374286,52.02999878
533,50.11500168,0.00519,7113.679723,34.66999817
534,96.25,0.004,5210.000038,39.77000046
535,74.06999969,0.00688,1684.593017,41.88000107
536,84.82499695,0.00737,2753.053084,38.66999817
537,79.42500305,0.00224,4785.714385,36.70000076
538,21.90500069,0.00917,4816.793653,45.31000137
539,132.8549957,0.00458,3187.773062,39.18000031
540,36.72000122,0.00567,14541.44547,37.86999893
541,27.34000015,0.00598,11023.41103,54.38999939
542,47.49499893,0.00471,14248.40766,30.04999924
543,60.15999985,0.00773,14451.48756,50.38999939
544,44.56999969,0.00611,12288.0524,33.63999939
545,24.32500076,0.0051,9366.666932,35.77000046
546,44.13000107,0.00397,12735.51663,42.99000168
547,67.625,0.0037,14791.89158,39.70000076
548,48.68000031,0.00284,27468.31144,25.85000038
549,69.95500183,0.00452,7668.141592,42.33000183
550,24.88500023,0.00434,7760.368461,32.68000031
551,53.27000046,0.00398,14437.18563,26.37999916
552,59.04999924,0.00213,3920.187762,35.24000168
553,21.64500046,0.00964,3310.165841,44.58000183
554,77.5,0.00332,3810.240926,46.00999832
555,40.75999832,0.00446,21641.25467,37.86000061
556,27.71999931,0.0063,5138.094913,54.45000076
557,56.22499847,0.00517,5957.446573,34.52000046
558,70.63999939,0.00521,10105.56644,43.13000107
559,25.35000038,0.00779,6611.039827,54.40000153
560,34.72000122,0.00544,8678.308564,27.25
561,51.98500061,0.00763,12327.65349,30.20000076
562,22.97500038,0.00593,0,34.93000031
563,40.35499954,0.00744,6088.709528,46.81000137
564,109.6149979,0.00369,6208.671949,44.27999878
565,25.65500069,0.00578,5228.373394,33.09000015
566,41.99499893,0.00434,8048.386884,42.81999969
567,72.78500366,0.00219,9730.593109,25.07999992
568,21.40500069,0.01533,1233.529024,47.20000076
569,118.1449966,0.00382,3149.214645,45.59000015
570,88.16000366,0.00397,4874.055477,41.90999985
571,27.62999916,0.00728,3392.85715,54.54999924
572,85.72499847,0.00399,4551.378397,42.93999863
573,104.4049988,0.00564,6381.206122,41.16999817
574,61.32500076,0.00683,4101.02497,48.06000137
575,86.02999878,0.00468,7185.897928,38.33000183
576,74.07499695,0.00416,8483.173608,27.90999985
577,79.79000092,0.00707,1728.429982,52.43999863
578,62.13499832,0.00397,6861.46085,39.09000015
579,91.43499756,0.00234,3581.196761,28.20999908
580,45.27999878,0.00905,9267.403423,37.90000153
581,98.16500092,0.00678,6141.59264,39.95999908
582,78.62999725,0.00278,3086.33094,36.43999863
583,20.17000008,0.0166,2749.39749,47.40999985
584,122.6350021,0.00386,4023.316102,45.02999878
585,93.41000366,0.00448,4910.714265,39.29999924
586,27.62999916,0.00793,4327.868908,54.54999924
587,99.47499847,0.00476,7165.96617,36.91999817
588,116.0800018,0.00454,5372.246607,38.45999908
589,74.70500183,0.00362,5450.276289,47.08000183
590,56.89500046,0.00563,6449.378443,32.27000046
591,82.20999908,0.00392,5581.63233,34.27000046
592,76.26499939,0.00583,4197.255512,48.84999847
593,105.4550018,0.00423,7628.841681,42.77000046
594,131.5850067,0.00307,4029.316011,41.40000153
595,24.36499977,0.00999,3480.480606,33.31000137
596,117.7949982,0.00339,12825.95817,35.33000183
597,108.4400024,0.00239,5690.376479,34.86000061
598,19.00499916,0.033799999,862.7219085,53.50999832
599,97.27500153,0.0068,444.1176318,44.16999817
600,30.375,0.005,17711.99951,41.40999985
601,27.29999924,0.00411,11119.22124,54.36999893
602,44.88999939,0.00399,21872.17956,32.52000046
603,64.06999969,0.00636,11823.89864,49.79999924
604,65.68000031,0.00294,14037.41485,41.11000061
605,14.06999969,0.00169,70147.92842,20.07999992
606,44.22999954,0.00322,14956.52156,50.83000183
607,55.56999969,0.00294,29540.81523,24.77000046
608,34.26499939,0.00238,20521.00748,34.40000153
609,53.81499863,0.00444,9195.94624,41.61000061
610,21.24500084,0.00179,16011.17344,19.45999908
611,48.90000153,0.00428,16549.06504,33.99000168
612,49.50500107,0.00377,4368.700105,46.77000046
613,23.28499985,0.00614,2726.384387,44.54000092
614,67.69499969,0.00249,4530.120357,43.88999939
615,58.45000076,0.00515,7687.378528,33.33000183
616,27.74500084,0.00578,3583.044694,54.47000122
617,59.88999939,0.00445,10197.75349,39.93999863
618,89.18000031,0.00632,7917.721449,48.77999878
619,22.03499985,0.0113,4920.353764,54.41999817
620,43.72999954,0.00549,9825.136771,23.04000092
621,81.88500214,0.00662,4145.015258,40.15000153
622,50.68000031,0.01224,5233.660029,53.38000107
623,52.89500046,0.00508,6834.646012,29.84000015
624,85.76000214,0.0041,4236.585669,40.79000092
625,22.86499977,0.01545,2953.398164,44.41999817
626,69.84500122,0.00698,7356.733286,42.29000092
627,53.36000061,0.00477,6002.096284,24.60000038
628,22.54000092,0.00677,2054.652864,44.72999954
629,109,0.00704,3471.591004,49.81999969
630,65.09500122,0.00538,4752.787946,37.13000107
631,27.75499916,0.00589,3663.837082,54.52000046
632,99.88999939,0.00358,7198.324304,41.06999969
633,74.92500305,0.00411,7725.060576,42.45999908
634,53.69499969,0.00384,5635.416634,48.79000092
635,82.94999695,0.00397,6602.014835,37.20999908
636,41.68500137,0.00532,5783.834486,44.59000015
637,56.42499924,0.00602,6401.993528,43.36999893
638,60.25500107,0.00378,3801.5873,37.84000015
639,119.8050003,0.00467,3725.909922,33.49000168
640,14.63000011,0.00994,3132.796852,54.29000092
641,44.70000076,0.00419,13009.54596,21.72999954
642,27.25,0.024209999,599.3391482,47.45000076
643,25.82999992,0.00657,0.598173519,32.02999878
644,129.7200012,0.00409,2586.796951,38.68000031
645,83.04000092,0.00451,4427.937539,38.68999863
646,27.76000023,0.00706,4199.716694,54.52999878
647,90.39499664,0.00387,5762.273875,43.16999817
648,119.9800034,0.00376,5359.042465,46.70999908
649,19.52499962,0.02051,11203.80257,54.49000168
650,38.09500122,0.00905,6202.209932,33.66999817
651,84.30999756,0.00357,5633.053498,36.08000183
652,47.24499893,0.00685,3722.627789,50.91999817
653,58.04000092,0.00486,7693.415301,42.47000122
654,117.4700012,0.00408,3468.137226,43.41999817
655,28.30999947,0.00863,3465.816854,33.25999832
656,90.25499725,0.00581,4538.726523,32.91999817
657,111.4550018,0.00286,7426.573619,31.81999969
658,22.25499916,0.01625,2062.153743,39.70999908
659,158.6900024,0.00408,1757.352993,45.13999939
660,37.76499939,0.0036,13727.77763,43.99000168
661,27.25,0.00067,42850.74383,16.52000046
662,41.625,0.00389,18660.66694,39.18999863
663,55.93000031,0.00512,17789.06326,48.54000092
664,24.88500023,0.00676,15202.66171,54.29000092
665,27.75499916,0.00368,14130.43453,30.55999947
666,49.40000153,0.00453,14750.55113,42.36000061
667,36.88499832,0.00372,17604.838,42.63000107
668,27.51000023,0.00312,15057.69271,22.68000031
669,51.81499863,0.00388,10515.46341,39.66999817
670,23.73500061,0.00098,26285.71401,17.30999947
671,58.18500137,0.00408,19382.35375,33.75999832
672,56.58499908,0.00336,3154.762117,41.95999908
673,25.25499916,0.00403,4461.538116,37.58000183
674,57.22999954,0.0026,5003.846425,40.70999908
675,31.84499931,0.00431,19155.45212,37.18999863
676,27.30500031,0.00483,6258.799176,54.36999893
677,42.55500031,0.0047,14687.23438,37.56999969
678,53.29999924,0.00483,16623.18886,48.75999832
679,36.45000076,0.0054,12194.44395,50.97999954
680,31.22500038,0.00338,17417.15886,27.48999977
681,34.76499939,0.00286,18297.20411,37.84000015
682,48.77000046,0.00375,12738.66679,49.97000122
683,30.15999985,0.00424,18679.24557,25.95999908
684,45.47499847,0.00456,9721.491752,42.02000046
685,22.18000031,0.00253,12620.55362,26.04000092
686,49.09500122,0.00348,17477.01131,34.84999847
687,55.27999878,0.00509,3654.223934,41.43999863
688,18.97999954,0.00244,3221.311455,43.61999893
689,67.08999634,0.0033,4151.515154,46.47000122
690,63.88999939,0.00345,7272.463712,40.38999939
691,27.71999931,0.00703,6352.773615,54.49000168
692,58.86999893,0.00614,6122.149995,38.72000122
693,119.4100037,0.00446,5883.40797,49.00999832
694,49.22000122,0.00442,4735.294105,46.97000122
695,39.18500137,0.00579,15416.23536,22.62999916
696,90.38999939,0.00417,8539.568335,39.43000031
697,41.68000031,0.00485,7610.309397,34.63000107
698,55.47499847,0.00565,8293.805278,36.74000168
699,83.875,0.00133,12075.18718,28.68000031
700,19.50499916,0.01948,2848.049325,54.27000046
701,91.16500092,0.00838,3232.696871,37.31000137
702,81.73000336,0.00458,4604.803603,34.29999924
703,27.12999916,0.00579,1778.929233,53.47999954
704,123.7450027,0.00243,2888.888802,38.33000183
705,29.48999977,0.0039,14671.79483,38
706,28.06999969,0.00317,16056.78243,37.04999924
707,36.44499969,0.00498,22102.40949,33.40999985
708,49.20000076,0.00532,16941.72826,50.88999939
709,51.00500107,0.00259,28096.52473,25.84000015
710,26.92000008,0.00354,22680.79146,28.02000046
711,29.14500046,0.0028,19753.57226,39.68999863
712,35.33499908,0.00478,20437.23811,45.40000153
713,36,0.00316,14177.21456,31.25
714,42.43000031,0.00512,11710.93758,34.83000183
715,23.87999916,0.00175,13211.42905,20.60000038
716,45.08000183,0.00297,20878.78711,37.81999969
717,48.22499847,0.00381,3855.642992,42.65999985
718,23.91500092,0.00428,3044.392312,53.22000122
719,43.21500015,0.00337,4587.537259,37.93000031
720,37.41999817,0.00482,9697.095439,35.79000092
721,27.72500038,0.00721,6969.486787,54.45000076
722,54.24000168,0.00497,11492.95802,32.29999924
723,73.04000092,0.00532,8751.879675,48.43000031
724,69.50499725,0.00407,7921.376,46.56999969
725,24.90500069,0.00544,10463.23485,29.90999985
726,67.01499939,0.00287,18174.2167,32.54999924
727,38.68000031,0.0054,7742.59271,49.52999878
728,48.06999969,0.00388,7409.793596,35.43000031
729,64.75499725,0.00571,8262.697021,30.48999977
730,53.53499985,0.00354,8768.361935,30.48999977
731,61.80500031,0.00404,10160.891,34.06999969
732,79.12000275,0.00449,4135.857604,37.18000031
733,23.70499992,0.00054,65277.77518,13.55000019
734,128.3899994,0.00275,4290.90916,29.77000046
735,31.59499931,0.0047,13023.40459,40.75
736,28.08499908,0.00385,11379.22142,40.06000137
737,35.25500107,0.00385,28174.02699,32.99000168
738,48.29000092,0.00524,15948.47392,49.15999985
739,66.08499908,0.00288,20579.86045,30.43000031
740,21.95499992,0.00422,20270.1434,32.02000046
741,28.36499977,0.00331,15247.73477,38.38999939
742,35.11000061,0.00559,20622.53947,45.65999985
743,26.41500092,0.00393,14468.19329,26.47999954
744,42.93000031,0.004,15617.50031,33.27999878
745,28.79500008,0.00196,53795.91857,17.29000092
746,53.22000122,0.00355,20532.39447,32.16999817
747,46.80500031,0.00424,3950.471911,48.31000137
748,25.22500038,0.00061,47622.94845,17.71999931
749,57.47499847,0.00323,5473.684273,41.15000153
750,52.84500122,0.00417,9031.174858,36.79999924
751,27.34000015,0.00391,7575.447619,54.41999817
752,61.09000015,0.00365,14065.7531,38.68000031
753,53.36999893,0.0042,10276.19091,47.40999985
754,37.74000168,0.00641,13166.92723,47.40999985
755,35.57500076,0.00443,11670.42952,32.86999893
756,50.44499969,0.0046,13708.69623,31.45999908
757,27.04500008,0.00846,9633.569697,39.63000107
758,46.43500137,0.00281,20423.48774,26.97999954
759,79.78500366,0.00343,6667.638599,44.11999893
760,21.89500046,0.00251,9625.497984,24.12999916
761,64.51499939,0.00469,10093.81654,38.58000183
762,69.80000305,0.00352,4593.750047,39.61999893
763,24.07500076,0.00855,2752.046803,44.50999832
764,70.21499634,0.00304,5016.447431,37.75999832
765,89.58999634,0.00346,5869.941977,42.70999908
766,27.62999916,0.00679,3586.156188,54.54999924
767,91.33999634,0.00397,6244.332679,39.99000168
768,90.52500153,0.005,10562.00027,34.52000046
769,56.26499939,0.00371,4716.981084,47.13000107
770,69.72499847,0.00421,4648.455942,42.88999939
771,110.8499985,0.00388,6814.432926,43.65999985
772,86.35500336,0.00415,5433.734631,48.20999908
773,21.73999977,0.00595,5132.773428,27.68000031
774,90.375,0.00131,16503.81816,28.39999962
775,34.74499893,0.01369,1522.279094,54.31999969
776,114.6399994,0.00447,7331.096643,41.77000046
777,83.21499634,0.004,1697.49999,36.68000031
778,18.75,0.01596,1013.157897,53.54999924
779,101.1650009,0.00559,622.5402369,44.77999878
780,46.77999878,0.00448,13337.05351,31.62000084
781,27.71999931,0.00695,6394.244582,54.45999908
782,55.50999832,0.00589,9641.766079,29.78000069
783,75.16500092,0.0068,7586.764516,48.59999847
784,72.07499695,0.00356,8176.966595,41
785,18.78000069,0.0053,9609.433674,31.71999931
786,84.19499969,0.004,12687.5,36.74000168
787,36.78499985,0.00494,7479.757153,30.97999954
788,61.34500122,0.00524,9206.107593,30.48999977
789,104.9649963,0.00365,7298.629779,29.88999939
790,23.45000076,0.00617,1418.152333,38.27999878
791,91.01499939,0.00537,8506.517929,33.20999908
792,54.375,0.00273,23912.0873,19.63999939
793,21.44000053,0.01252,1769.967974,45.75999832
794,106.3550034,0.00306,5980.392019,34.61000061
795,31.95999908,0.00638,20924.76451,42.18000031
796,26.64999962,0.00104,35682.6942,19.01000023
797,35.16500092,0.00457,23746.16905,30.55999947
798,43.90000153,0.00555,18111.71048,51.16999817
799,46.44499969,0.00323,23157.89554,33.27000046
800,20.95499992,0.00363,23118.45607,32.93000031
801,28.21999931,0.00455,25692.30695,34.86999893
802,28.87999916,0.00476,20542.01556,33.29999924
803,30.125,0.0043,22981.39426,28.64999962
804,35.56499863,0.00459,16078.4315,33.13000107
805,29.32500076,0.00391,14808.18421,30.45999908
806,26.39500046,0.00496,21715.72545,35.93000031
807,40.625,0.00505,5124.752116,41.34999847
808,25.44499969,0.00307,6609.120963,43.70000076
809,45.81999969,0.0028,5878.571202,40.77000046
810,49.70500183,0.0056,5775.000126,36.25999832
811,27.73999977,0.00703,2469.416798,54.47000122
812,61.33000183,0.00465,12262.36544,33.59999847
813,82.93000031,0.00504,6730.158418,48.16999817
814,45.11000061,0.00686,7597.667335,54.25999832
815,42.66500092,0.00528,7545.454275,31.65999985
816,72.78500366,0.0046,8165.217859,46.09000015
817,48.04999924,0.00478,7161.087456,49.59999847
818,49.60499954,0.0072,10875.00071,35.20000076
819,155.5350037,0.00229,5283.843049,44.13999939
820,27.50499916,0.0081,4808.641843,31.76000023
821,101.3450012,0.00385,7114.285732,45.36000061
822,72.18499756,0.00705,5106.382841,22.98999977
823,20.55500031,0.00721,1715.672652,43.86999893
824,124.5999985,0.00309,3637.54048,43.20999908
825,74.19000244,0.00476,5817.226723,34.56999969
826,27.75499916,0.00846,5404.255439,54.52000046
827,84.16500092,0.00632,5575.949481,37.97000122
828,98.32499695,0.00471,5687.898237,37.68000031
829,21.07999992,0.01109,3201.082012,52.06999969
830,119.2050018,0.00501,8998.003946,38.97999954
831,72.22000122,0.0041,6268.293015,38.36999893
832,67.19999695,0.00623,5906.901946,36.13000107
833,61.86999893,0.00429,6724.941874,33.20999908
834,105.0749969,0.00359,6949.861103,27.76000023
835,63.63499832,0.00298,3781.879324,42.45000076
836,96.38999939,0.00426,6248.826152,37.11000061
837,96.26000214,0.00206,6456.310952,26.96999931
838,19.77499962,0.01397,3025.769481,46.79000092
839,180.0399933,0.00319,3006.269586,41.33000183
840,82.16000366,0.00472,5125.000341,41.59999847
841,27.76000023,0.00731,4519.836002,54.54000092
842,87.55000305,0.00452,5356.19451,42.86000061
843,116.1299973,0.00423,5144.208069,42.13000107
844,63.41500092,0.00478,5822.175461,43.20999908
845,45.10499954,0.00542,8546.125285,27.23999977
846,111.2699966,0.00299,6658.862804,36.99000168
847,70.39499664,0.0063,4458.730048,41.27999878
848,64.38999939,0.00703,4584.637067,40.54000092
849,102.4800034,0.00483,3908.90258,36.20000076
850,55.95000076,0.00315,5606.348988,30.84000015
851,105.9000015,0.00379,8757.255662,37.99000168
852,79.59999847,0.00383,1725.848633,33.47000122
853,22.45000076,0.01303,1247.122052,46.58000183
854,156.7850037,0.00349,2481.375308,40.06000137
855,57.30500031,0.00428,7264.018371,37.61000061
856,27.71999931,0.00783,4956.577491,54.49000168
857,59.86000061,0.00583,5924.528536,39.22000122
858,66.98000336,0.00438,6406.392405,44.25999832
859,62.38999939,0.00527,5081.594077,47.24000168
860,32.63000107,0.00532,8394.736543,31.31999969
861,69.39499664,0.00298,9553.690984,35.52000046
862,57.79000092,0.00816,3231.61781,44.56000137
863,66.44000244,0.00763,3018.348669,39.24000168
864,76.66999817,0.00404,3591.584249,39.81000137
865,61.06999969,0.00381,4490.813876,47.61999893
866,60.99499893,0.00336,13946.42919,31.28000069
867,111.5999985,0.00336,1723.214328,41.72000122
868,23.80999947,0.01076,2003.71738,43.5
869,128.4400024,0.00259,2826.254986,40.47999954
870,83.41500092,0.00442,5307.692009,40.95000076
871,27.76499939,0.00621,2247.98711,54.52999878
872,103.75,0.00365,5449.314759,43.54000092
873,104.4649963,0.00401,5316.70785,39.29000092
874,24.14999962,0.01147,5142.981718,48.11999893
875,87.45500183,0.00489,7177.913994,38.15999985
876,71.64499664,0.00487,8689.93854,30.67000008
877,68.75499725,0.00668,2904.191634,52.97999954
878,56.18999863,0.00531,6723.164058,32.93000031
879,86.48500061,0.00555,7009.009043,25.26000023
880,58.95000076,0.00491,6498.981841,50.47000122
881,41.15000153,0.00845,7040.237044,40.36000061
882,99.45999908,0.00434,3905.529992,26.48999977
883,29.28499985,0.0138,941.3043182,39.15000153
884,179.8549957,0.00267,2524.344411,44
885,40.00999832,0.00442,9588.23537,35.08000183
886,27.71999931,0.00473,5120.507234,54.45000076
887,54.51499939,0.00542,11802.58308,37.86999893
888,99.375,0.0039,8646.153948,47.36000061
889,49.09999847,0.00369,8075.880427,52.25
890,33.93500137,0.00505,10687.12855,39.41999817
891,55.99499893,0.00461,19292.84162,25.79000092
892,43.16999817,0.0075,6542.666626,39.93000031
893,69.42500305,0.00245,16195.91818,27.37000084
894,126.6050034,0.00302,6115.893851,44.50999832
895,28.27499962,0.00575,5323.478367,37.22999954
896,59.70000076,0.00425,11025.8825,33.29000092
897,71.11000061,0.00191,22738.22045,24.06999969
898,25.01499939,0.01352,2928.993871,42.90999985
899,132.8899994,0.00432,3384.259098,35.77000046
900,64.77500153,0.00454,6746.695907,35.75999832
901,27.72500038,0.00704,5515.62529,54.50999832
902,74.86000061,0.00449,7400.891144,37.58000183
903,70.01499939,0.00446,7143.497834,40.63999939
904,35.07500076,0.00735,4814.965966,53.15000153
905,57.48500061,0.00512,17660.15629,35.41999817
906,77.28500366,0.00453,9033.11176,32.54999924
907,60.92499924,0.00441,4866.213113,49.52999878
908,78.33499908,0.00458,5480.34952,39.54000092
909,110.2850037,0.00337,9415.430451,23.98999977
910,22.89500046,0.01106,4097.649003,53.25
911,46.45000076,0.0063,10799.99982,30.04000092
912,81.29499817,0.00489,3210.633995,25.59000015
913,20.875,0.00757,2922.060811,45.43999863
914,93.27999878,0.00384,2419.270877,42.93000031
915,80.37000275,0.00451,5177.383414,37.84000015
916,27.76000023,0.00749,2906.542206,54.54000092
917,89.41500092,0.00459,5355.119631,39.65999985
918,82.48999786,0.00455,6252.747158,46.79000092
919,57.14500046,0.00469,3829.424065,37.22999954
920,73.77999878,0.00402,10748.75604,28.55999947
921,136.5800018,0.0044,5954.545499,35.47000122
922,68.18499756,0.0047,5957.44705,46.33000183
923,58.43000031,0.00358,6491.620186,34.45000076
924,140.0249939,0.00541,3924.214444,39.25999832
925,25.70999908,0.01231,3261.575967,48.50999832
926,80.88999939,0.0077,4516.88307,29.03000069
927,96.10500336,0.00156,7243.590132,24.06999969
928,18.41500092,0.02523,6251.684447,53.54000092
929,180.8800049,0.0036,4975.000089,43.06999969
930,25.25,0.00521,25145.87208,42.02999878
931,26.36000061,0.00302,16625.82762,40.68999863
932,25.79500008,0.0042,25219.04833,26.77000046
933,39.02999878,0.0062,24979.03224,48.27999878
934,41.73500061,0.00336,20303.57243,38.50999832
935,13.14999962,0.00099,108939.3913,17.22999954
936,26.08499908,0.00283,23434.6295,38.40999985
937,31.72500038,0.00314,25022.29206,35.77000046
938,35.82500076,0.00265,31916.98067,28.67000008
939,34.53499985,0.0042,19000.00159,35.06999969
940,21.85499954,0.00213,39309.85862,24.14999962
941,26.39999962,0.0044,25290.90827,36.04000092
942,37.65499878,0.00214,9224.298506,39.86000061
943,22.07500076,0.00619,9730.209852,44.93000031
944,40.60499954,0.00305,10209.83603,35.20000076
945,50.50999832,0.00517,10721.46992,30.68000031
946,27.78499985,0.00702,5192.307815,54.43999863
947,59.18999863,0.00446,12466.36726,39.66999817
948,63.08000183,0.00415,9086.746559,40.18000031
949,18.50499916,0.0131,8966.411883,53.36999893
950,35.65999985,0.00686,5247.813309,40.95000076
951,54.69499969,0.0045,23855.55522,24.95000076
952,59.34000015,0.00424,7551.887308,49.79000092
953,29.36499977,0.00497,9360.161453,33.47999954
954,101.0899963,0.0039,6425.640732,42.77000046
955,28.06500053,0.00522,6059.387056,31.28000069
956,63.38999939,0.00317,17135.64618,26.62999916
957,52.55500031,0.00328,6832.317086,25.38999939
958,21.81999969,0.0114,3142.982722,44.04999924
959,102.25,0.00321,4607.476569,37.25
960,42.98500061,0.00443,7941.309632,38.45999908
961,27.71999931,0.00585,4741.88038,54.45000076
962,50.83499908,0.00606,9323.432431,28.37000084
963,86.48500061,0.00645,7119.379772,50.45999908
964,36.22999954,0.00431,7765.661639,41.83000183
965,33.125,0.00734,13310.62601,33.45999908
966,57.20000076,0.00378,9320.10577,33.95999908
967,64.74500275,0.00524,8133.587938,46.34999847
968,34.14500046,0.00445,13514.60718,30.72999954
969,75.72499847,0.00442,8486.424813,38.43000031
970,23.51000023,0.00466,11437.76845,22.55999947
971,46.59999847,0.00472,8108.051305,34.34000015
972,66.09999847,0.00284,17066.90235,20.12999916
973,21.29500008,0.01358,2217.967674,47.20000076
974,98.05999756,0.00284,5144.366232,40.29999924
975,60.30500031,0.00412,6196.602281,40.06000137
976,27.71999931,0.00728,6692.307667,54.49000168
977,60.21500015,0.00522,6727.969414,34.56000137
978,105.5950012,0.0044,5920.454244,50.08000183
979,44.88000107,0.00462,6720.779222,48.20999908
980,52.76499939,0.00502,8796.812752,28.92000008
981,74.41500092,0.00558,6892.473048,39.70999908
982,65.56500244,0.00379,7488.126503,47.58000183
983,47.31000137,0.00564,9359.929462,29.70999908
984,81.43000031,0.00415,5657.831085,35.72000122
985,76.82499695,0.0033,2996.969844,47.95000076
986,64.94999695,0.00592,8491.554022,36.56999969
987,78.06500244,0.0037,3362.162005,31.20000076
988,19.93499947,0.01421,1890.92194,47.22999954
989,140.3899994,0.00408,2590.686248,37.75
990,59.41500092,0.0039,8302.564173,33.77000046
991,27.74500084,0.00638,7536.050309,54.47999954
992,58.77500153,0.00492,9310.975744,34.08000183
993,86.06500244,0.00472,6538.136013,49.52999878
994,49.95999908,0.00265,6252.829848,48.18999863
995,40.84000015,0.0042,9545.238565,30.36000061
996,83.02999878,0.00403,8203.473859,28.29000092
997,64.16999817,0.00841,3862.068981,31.63999939
998,57.73500061,0.01172,4078.996547,34.61999893
999,22.03000069,0.01237,4139.854451,36.43999863
1000,67.93499756,0.01124,6582.740158,45.65000153
1001,42.22000122,0.02152,611.9888381,41.20999908
1002,126.8700027,0.00377,2384.615336,43.86999893
1003,26.93000031,0.00825,2203.636401,53.47000122
1004,68.00499725,0.00519,3585.741889,30.96999931
1005,66.53500366,0.00497,5541.247903,36.41999817
1006,27.72500038,0.00666,5234.234446,54.50999832
1007,82.26999664,0.00437,7203.661411,40.22999954
1008,88.04000092,0.0059,7255.932319,49.34999847
1009,64.31500244,0.0063,6284.126818,31.36000061
1010,52.54499817,0.00455,4540.659117,43.72000122
1011,84.51999664,0.00442,5038.461555,37.84000015
1012,62.04999924,0.01203,3704.904463,36.20999908
1013,50.49499893,0.00799,7586.983813,28.97999954
1014,101.8949966,0.00521,6387.71565,29.87999916
1015,52.09500122,0.00208,6860.577395,44.77000046
1016,93.33000183,0.00609,7241.378878,41.99000168
1017,79.80500031,0.00383,6979.112291,25.31999969
1018,19.92499924,0.017559999,1375.854247,47.27999878
1019,136,0.00412,2769.417516,39.65000153
1020,65.23500061,0.00404,5539.603805,39.24000168
1021,27.72500038,0.00645,2928.682163,54.50999832
1022,79.58999634,0.00474,8002.110155,37.86999893
1023,67.62000275,0.00605,9066.115164,31.30999947
1024,20.68499947,0.0129,3482.170504,54.45999908
1025,72.52999878,0.00453,6064.017228,35.90000153
1026,108.6449966,0.00524,6931.297954,39.52999878
1027,28.72999954,0.00537,3512.104472,54.25999832
1028,48.56499863,0.00778,5623.393165,35.02999878
1029,133.2149963,0.00394,2890.862989,44
1030,29.46500015,0.00918,4281.045526,31.69000053
1031,69.875,0.005,6758.000183,32.47000122
1032,81.01499939,0.00253,4193.675801,38.56999969
1033,21.96999931,0.01233,2734.793303,43.24000168
1034,135,0.00424,1931.603779,36.15999985
1035,84.46499634,0.00419,5331.742207,41.31000137
1036,27.78000069,0.00734,4979.563825,54.52000046
1037,84.48500061,0.0047,6819.149051,34.15000153
1038,86.07499695,0.00555,7673.873638,49.13000107
1039,26.52499962,0.021309999,4437.353352,42.90000153
1040,80.68000031,0.00767,4522.815943,38.79000092
1041,72.44499969,0.0104,3035.577005,41.36999893
1042,44.34000015,0.00713,5702.664684,30.69000053
1043,71.37999725,0.00397,4400.503574,40.31000137
1044,131.6349945,0.00508,2435.039384,38.22000122
1045,22.60000038,0.01348,5828.63519,49.13999939
1046,25.44000053,0.00894,5586.129862,25.22999954
1047,82.33999634,0.00565,4391.150274,29.55999947
1048,26.46500015,0.01111,1607.560861,53.52000046
1049,130.8350067,0.00417,2184.652156,42.66999817
1050,36.44499969,0.00487,8975.359366,33.75999832
1051,27.34000015,0.00421,8427.553259,52.75999832
1052,59.57500076,0.00386,10318.6536,31.63999939
1053,68.58999634,0.00579,10360.96754,44.75999832
1054,37.30500031,0.00482,10147.30251,38.5
1055,22.12000084,0.00594,9851.851834,40.75
1056,68.58499908,0.00417,12127.09803,41.86999893
1057,39.93999863,0.00479,7052.191868,34.06999969
1058,35.52500153,0.0058,11763.7933,42.52000046
1059,62.49000168,0.00484,6944.214783,42.59000015
1060,29.15500069,0.00434,5797.234784,30.44000053
1061,72.07499695,0.00365,12619.17813,36.08000183
1062,72.57499695,0.00274,4664.233463,33.11000061
1063,21.78000069,0.01008,2178.571354,47.27999878
1064,90.67500305,0.00336,3154.762117,43.90999985
1065,39.77500153,0.0047,12282.97912,38.15999985
1066,27.29999924,0.00447,9418.34462,54.38999939
1067,48.11500168,0.00401,18344.138,33.77000046
1068,77.73999786,0.00411,12345.49879,50.43000031
1069,63.81000137,0.00544,12889.70625,40.56000137
1070,9.135000229,0.00024,4600.000166,14.25
1071,43.35499954,0.00329,22592.70599,34.56999969
1072,41.14500046,0.00444,9430.179818,27.98999977
1073,35.47000122,0.00496,12750.00024,37.02999878
1074,39.97000122,0.00577,8048.526652,33.18000031
1075,40.42499924,0.00203,36615.76496,27.34000015
1076,43.70999908,0.00436,17135.32037,27.71999931
1077,45.93000031,0.00466,4491.416522,35.63000107
1078,20.98999977,0.00646,4325.077457,44.70999908
1079,63.54999924,0.00364,4813.1868,39.74000168
1080,91.66999817,0.00699,3256.080254,36.02000046
1081,27.62999916,0.00812,3523.39914,54.54999924
1082,86.93000031,0.0043,4751.162651,39.36999893
1083,86.20999908,0.00385,6753.246921,37.22000122
1084,28.15500069,0.01187,4975.568824,54.33000183
1085,81.76999664,0.00456,2267.543922,43.27999878
1086,93.66999817,0.00375,6805.333455,42.90999985
1087,68.57499695,0.00485,6501.031197,36.66999817
1088,33.04000092,0.0112,6968.750391,26.18000031
1089,113.5500031,0.0014,12550,34.47999954
1090,33.95500183,0.0128,5096.874757,52.56000137
1091,102.1549988,0.00397,7050.377725,44.61000061
1092,101.3700027,0.00224,5156.250063,35.88999939
1093,20.125,0.017540001,1273.660147,47.31000137
1094,156.2599945,0.00306,2183.006521,44.47000122
1095,27.93499947,0.0052,12053.84665,39.11999893
1096,28.08499908,0.00429,13517.48303,39.04999924
1097,36.52500153,0.00393,16648.85476,37.56000137
1098,44.22499847,0.00467,18646.68103,52.18000031
1099,43.27000046,0.00466,19781.11659,39.97000122
1100,30.07999992,0.00275,20909.09091,29.96999931
1101,28.04500008,0.0043,16779.06938,42.13000107
1102,40.68999863,0.00396,21191.91853,43.59000015
1103,33.41999817,0.00397,16879.09362,39.5
1104,43.47999954,0.00448,14712.05433,34.33000183
1105,24.20499992,0.00186,19403.22574,22.78000069
1106,47.76499939,0.00391,20130.43411,35.95999908
1107,48.84500122,0.00444,4495.495231,39.68000031
1108,37.47499847,0.00289,4920.415139,46.09000015
1109,57.90000153,0.00305,6639.344366,34.61000061
1110,90.62999725,0.0041,6770.731921,41.70000076
1111,27.77000046,0.00671,816.6915034,54.54000092
1112,94.15499878,0.00417,4983.213503,43.38000107
1113,60.96500015,0.00673,6025.259899,36.75
1114,34.34500122,0.0137,3613.868541,54.5
1115,71.27999878,0.00528,3170.454376,37.75
1116,111.2549973,0.00697,2065.997138,43.72999954
1117,58.04499817,0.01426,1132.538524,50.81999969
1118,55.93000031,0.00623,4958.266339,37.61999893
1119,119.0800018,0.00273,8157.509268,29.28000069
1120,35.39500046,0.01057,2508.041721,47.11999893
1121,98.32499695,0.00494,9348.178091,30.77000046
1122,74.89499664,0.00283,3742.049625,32.65999985
1123,20.81999969,0.016190001,2445.954118,47.24000168
1124,188.0950012,0.00372,2975.806347,39.77000046
1125,37.03499985,0.00527,16709.67702,42.34000015
1126,28.09499931,0.00269,21111.52405,38.84000015
1127,30.89999962,0.00428,18964.95191,36.68000031
1128,41.31000137,0.00598,20070.23349,52.20999908
1129,46.88000107,0.00277,20606.499,34.02000046
1130,23.74500084,0.00446,19466.36748,29.95000076
1131,25.73500061,0.00537,21891.99256,39.11999893
1132,35.29999924,0.0048,22572.91545,40.59999847
1133,35.40499878,0.00361,16119.11366,25.22999954
1134,38.05500031,0.00537,12817.50527,31.36000061
1135,26.45499992,0.00415,13742.16806,31.60000038
1136,42.72999954,0.00447,18574.94467,33.79000092
1137,40.75500107,0.00552,4960.144793,36.47999954
1138,26.36000061,0.00348,3462.643714,52.88999939
1139,42.25,0.00323,6721.361906,36
1140,83.65000153,0.00462,5181.818426,34.08000183
1141,27.76000023,0.0076,4614.473702,54.52999878
1142,71.37000275,0.00446,6356.502273,36.27000046
1143,89.30000305,0.00485,4725.773305,46.38000107
1144,46.82500076,0.0046,5019.565355,47.36999893
1145,68.77999878,0.0046,8206.521909,29.57999992
1146,83.13999939,0.00465,4847.311925,38.08000183
1147,80.15499878,0.00594,3432.659797,42.90000153
1148,60.43999863,0.00708,4046.610159,43.86000061
1149,98.70999908,0.00423,6300.236288,30.52000046
1150,63.47999954,0.01009,2823.587645,52.47000122
1151,67.73000336,0.0054,5996.296388,32.18999863
1152,76.77500153,0.00363,7082.644153,22.10000038
1153,23.28000069,0.01959,2550.280689,53.54000092
1154,141.8200073,0.00252,5162.698543,34.88999939
1155,83.26000214,0.00489,4380.368233,38.54000092
1156,27.76499939,0.00823,3684.082792,54.52999878
1157,107.4800034,0.00554,3712.99636,39.84000015
1158,92.80000305,0.00485,5237.113426,45.68999863
1159,56.84000015,0.00491,7855.397331,38
1160,72.91999817,0.00392,9196.428198,33.47000122
1161,76.88999939,0.00355,6352.112546,42.43000031
1162,32.52500153,0.00575,7798.260896,36.09000015
1163,56.54499817,0.00721,4930.65174,31.26000023
1164,64.03500366,0.00374,11537.43353,36.77000046
1165,55.20000076,0.019950001,4439.598812,37.91999817
1166,68.06500244,0.00871,5444.316643,35.88000107
1167,48.04000092,0.0044,1550.000005,43.95000076
1168,52.69499969,0.00348,3772.988518,26.53000069
1169,110.0400009,0.00332,2286.14467,42.25
1170,53.88000107,0.0045,9555.555556,32.61999893
1171,27.71999931,0.00716,8041.899868,54.5
1172,65.02999878,0.00352,9315.34122,33.70000076
1173,85.70999908,0.00491,6729.124632,45.99000168
1174,19.57500076,0.01462,4978.796271,54.45000076
1175,72.51499939,0.00423,11297.87251,27.38999939
1176,58.02500153,0.00289,8726.643044,38.66999817
1177,59.07500076,0.0058,6724.13771,31.57999992
1178,61.98500061,0.00468,5470.085752,38.29999924
1179,116.2750015,0.00459,2196.078342,41.29000092
1180,40.63000107,0.00276,5097.825994,39.41999817
1181,36.56999969,0.00655,10180.15242,34.36999893
1182,78.98000336,0.00519,4734.103935,22.68000031
1183,20.60000038,0.01047,1611.270335,45.77000046
1184,116.0899963,0.00401,3291.770338,32.95999908
1185,22.89500046,0.00404,43700.49622,26.04000092
1186,26.81500053,0.00178,1112.359579,23.70999908
1187,27.41500092,0.00503,12787.27575,29.45999908
1188,38.47999954,0.00597,25070.35233,43.74000168
1189,46.32500076,0.00359,22896.93563,33.5
1190,16.20999908,0.00205,80258.53786,20.20000076
1191,25.68000031,0.00396,25590.90792,41.65000153
1192,26.67000008,0.00287,30372.82287,33.90000153
1193,36.83000183,0.00253,25130.43579,24.68000031
1194,34.72000122,0.00383,19086.16186,34.74000168
1195,20.10499954,0.00229,21960.69946,26.88999939
1196,26.38500023,0.00466,24744.63548,34.04999924
1197,39.86999893,0.00278,6079.136616,42.04999924
1198,21.52499962,0.00244,9909.835958,32.52999878
1199,35.34000015,0.00257,9801.556883,40.08000183
1200,25.19000053,0.00504,19821.42902,47.61999893
1201,27.74500084,0.00199,21964.82356,38.59999847
1202,29.00499916,0.00257,27754.86525,27.94000053
1203,37.46500015,0.00433,23353.34978,42.72999954
1204,48.13000107,0.00254,19858.26747,25.85000038
1205,18.14500046,0.00326,27539.87701,31.05999947
1206,30.02499962,0.00355,23284.50839,46.90000153
1207,29.00499916,0.00392,24525.50957,39.31000137
1208,26.59499931,0.00377,26862.06821,33.86000061
1209,31.47500038,0.00563,13104.79525,25.62000084
1210,27.62000084,0.00506,10794.46631,31.62000084
1211,34.59000015,0.00584,29936.64337,31.64999962
1212,37.68500137,0.00418,5098.086206,47.58000183
1213,20.59499931,0.00244,16114.7536,39.41999817
1214,44.13499832,0.00366,7724.04366,40.34000015
1215,95.02999878,0.00391,5687.979356,44.38999939
1216,27.62999916,0.00678,4530.97321,54.54000092
1217,83.66500092,0.005,6025.999832,32.43999863
1218,83.34999847,0.00562,7781.138867,34.25
1219,46.61500168,0.00603,3706.467596,47.43999863
1220,73.56999969,0.00638,3371.47333,37.20000076
1221,112.5350037,0.00661,1151.285927,48.29999924
1222,27.39500046,0.00282,489.361712,34.22000122
1223,48.66999817,0.00489,5300.613657,32.15000153
1224,149.4400024,0.00348,5873.56334,40.93999863
1225,25.57999992,0.00917,4052.344552,32.27999878
1226,56.88999939,0.00554,10597.47283,27.73999977
1227,90.18499756,0.00387,2847.545422,36.65999985
1228,23.55500031,0.025620001,2074.16072,47.02999878
1229,121.5849991,0.0115,3953.91315,45.86999893
1230,29.31500053,0.00423,24170.21215,42.36000061
1231,26.70999908,0.002,23350.00038,40.45000076
1232,27.99500084,0.00257,28346.30364,30.52000046
1233,43.875,0.00341,19917.88752,51.09999847
1234,38.45500183,0.00371,26630.72831,44.13999939
1235,15.89000034,0.00107,60906.53736,20.47999954
1236,35.61000061,0.00318,26389.93598,41.59999847
1237,28.02000046,0.00336,22077.38173,31.36000061
1238,29.72999954,0.00225,26702.22304,36.08000183
1239,34.375,0.00391,18337.59472,33.61000061
1240,24.36000061,0.00277,28942.23781,24.96999931
1241,29.44000053,0.00354,19090.3962,37.22000122
1242,39.86000061,0.00159,15452.82967,33.06000137
1243,21.87000084,0.00522,8923.372357,44.29000092
1244,42.95999908,0.00251,7370.517956,46.41999817
1245,37.14500046,0.00475,16322.10501,38.90999985
1246,27.29000092,0.00316,18854.43045,36.15999985
1247,41.34500122,0.00428,20450.93329,30.18000031
1248,52.60499954,0.00498,16538.15267,50.70999908
1249,54.02500153,0.00354,13717.51466,41.41999817
1250,27.35000038,0.00292,24616.43677,27.46999931
1251,44.02500153,0.00406,15694.5818,44.36999893
1252,34.68500137,0.00402,14124.37787,46.25999832
1253,32.06999969,0.00437,22709.38226,28
1254,52.29999924,0.00352,13196.02302,36.58000183
1255,27.04500008,0.00555,14518.91875,32.81999969
1256,46.08499908,0.00436,18089.44962,33.61999893
1257,47.79499817,0.00384,2872.395828,43.02000046
1258,20.20000076,0.00601,3662.229516,45.50999832
1259,57.97000122,0.00261,4126.437123,43.47000122
1260,37.93500137,0.00513,10740.7402,26.85000038
1261,27.72500038,0.00699,7610.873034,54.45999908
1262,54.75,0.0058,10694.82702,32.25999832
1263,80.32499695,0.0051,7829.411971,50.15999985
1264,60.07500076,0.00346,10375.72287,31.80999947
1265,19.90500069,0.00577,6240.900943,39.77000046
1266,74.44000244,0.00454,10883.25997,34.13000107
1267,33.84500122,0.0051,8127.451282,36.11000061
1268,57.24499893,0.00513,10111.11068,28.36000061
1269,88.62999725,0.00368,6263.586636,30.84000015
1270,56.97499847,0.00246,6955.284693,46.40000153
1271,59.06000137,0.00559,8901.609475,37.90999985
1272,73.62999725,0.00235,16880.85097,21.40999985
1273,19.96500015,0.01343,3689.500976,45.11999893
1274,116.4100037,0.00382,3672.774863,39.22999954
1275,40.61999893,0.00462,9551.94852,42.86000061
1276,27.32999992,0.00429,9128.205174,54.40999985
1277,59.59000015,0.00353,14263.45577,39.36999893
1278,48.16500092,0.00543,10780.84765,42.29999924
1279,46.91500092,0.00378,7603.1746,46.02999878
1280,26.04500008,0.00571,11877.40792,35.95000076
1281,40.20999908,0.00419,22930.78771,31.12999916
1282,61,0.00546,11430.40282,50.40000153
1283,34.79499817,0.00522,8772.031179,22.79000092
1284,76.99500275,0.00382,7151.832506,46
1285,24.44000053,0.00406,7421.182164,33.34000015
1286,48.54999924,0.00508,11352.36201,37.22999954
1287,54.96500015,0.00402,6592.039832,37.04999924
1288,21.40500069,0.00162,11290.12399,28.23999977
1289,75.56999969,0.00272,5485.294088,40.88000107
1290,24.46500015,0.00608,19613.48709,42
1291,27.47999954,0.00173,34578.03412,25.11000061
1292,29.11000061,0.0038,22697.36871,29.56999969
1293,36.70999908,0.00443,23887.13404,49.34000015
1294,48.06999969,0.00263,23038.02187,40.68000031
1295,17.81999969,0.00366,21265.02732,33.84999847
1296,33.34999847,0.00328,21341.4636,36.88000107
1297,30.26499939,0.00398,24281.40677,35.25
1298,45.54999924,0.00238,22600.83963,30.57999992
1299,35.65000153,0.00487,15453.79957,33.65999985
1300,21.49500084,0.00242,19698.34573,22.51000023
1301,39.88000107,0.00386,21173.57657,41.31000137
1302,40.71500015,0.00532,4689.849616,41.93999863
1303,35.66500092,0.00056,65696.42993,17.14999962
1304,41.90499878,0.0028,7175.000177,40.97000122
1305,32.48500061,0.00425,12929.41194,38.47000122
1306,27.29000092,0.00409,11078.23953,54.36000061
1307,44.51499939,0.00431,21480.27913,33.45000076
1308,49.00999832,0.00734,14614.44066,52.99000168
1309,48.65999985,0.00176,27249.99963,20.32999992
1310,33.15499878,0.00402,16977.61202,31.54000092
1311,30.55500031,0.00418,15404.30671,36.81000137
1312,46.45999908,0.00425,13560.00025,47.56000137
1313,25.32500076,0.00443,16259.59403,31.46999931
1314,46.00999832,0.00422,10383.8867,37.34000015
1315,25.78000069,0.00173,22052.02376,21.63999939
1316,55.72000122,0.00344,17927.32475,39.02000046
1317,48.42499924,0.00341,3519.061495,48.79999924
1318,19.85499954,0.002,7545.000076,29.15999985
1319,54.97000122,0.00289,3768.166072,46.72000122
1320,64.73500061,0.00488,8895.491563,31.32999992
1321,27.72500038,0.00623,5030.497601,54.5
1322,67.93499756,0.00416,8170.67378,37.24000168
1323,87.29499817,0.00445,6220.225054,47.70000076
1324,67.35500336,0.00353,10070.8214,36.97000122
1325,58.30500031,0.00466,12160.94421,38.09999847
1326,56.29999924,0.00712,5858.146033,38.65999985
1327,57.36500168,0.00338,13278.10638,31.39999962
1328,66.02500153,0.00267,4584.269446,31.92000008
1329,167.5399933,0.00371,3256.064636,44.81999969
1330,23.27499962,0.00893,3674.132167,33.63000107
1331,39.40999985,0.00802,10603.49078,34.68000031
1332,99.81999969,0.00295,4559.321896,25.10000038
1333,21.86000061,0.01269,1383.766749,45.90000153
1334,180.75,0.00346,2320.809146,40
1335,26.38999939,0.00453,21750.5506,38.84999847
1336,25.88999939,0.00402,21164.17966,40.15999985
1337,27.27000046,0.00294,30438.77419,28.15999985
1338,45.34500122,0.00408,21504.90184,43.20000076
1339,47.43500137,0.00374,27655.08022,35.91999817
1340,17.68000031,0.0022,30127.27152,22.95999908
1341,30.35000038,0.00388,23590.20518,40.52000046
1342,31.49500084,0.00342,26713.44987,31.67000008
1343,33.41500092,0.00257,24062.25749,29.30999947
1344,35.46500015,0.00395,17205.06285,37.93000031
1345,21.76499939,0.00175,36291.42761,22.73999977
1346,35.63000107,0.00338,26943.78598,38.34000015
1347,39.14500046,0.00408,4100.490161,41.99000168
1348,18.82500076,0.00359,7657.381735,53.13999939
1349,40.65499878,0.00345,7504.347545,36.34000015
1350,43.41500092,0.0038,12552.63194,33.04999924
1351,27.22500038,0.00367,9005.449196,41.59000015
1352,43.93999863,0.00462,18326.83988,32.88999939
1353,57.34999847,0.00604,13864.23814,51.08000183
1354,66.23500061,0.00397,16649.87355,27.32999992
1355,25.59000015,0.00376,13941.48891,33.77000046
1356,42.18000031,0.00392,13528.06065,48.70999908
1357,43.76499939,0.00485,13484.53666,51.56999969
1358,30.11000061,0.00393,19524.17355,30.71999931
1359,53.08499908,0.00504,4767.857315,37.68999863
1360,31.22500038,0.00261,14712.64485,19.86000061
1361,35.83499908,0.00568,11492.95788,41.27999878
1362,52.43000031,0.00319,6677.115629,34.45000076
1363,24.76000023,0.00787,5373.570715,35.77000046
1364,69.05999756,0.00347,3391.93094,45.11999893
1365,53.36000061,0.00426,9171.360938,40.25
1366,27.72999954,0.00668,6437.125914,54.43999863
1367,48.13499832,0.00477,10664.57005,34.56999969
1368,70.54499817,0.00565,10672.56606,49.83000183
1369,21.44000053,0.00778,9192.801377,54.38000107
1370,29.40500069,0.00428,11866.82206,32.54000092
1371,24.31500053,0.00358,17555.86587,24.96999931
1372,60.92499924,0.00789,12356.14696,47.65999985
1373,53.90000153,0.00562,16665.48142,28.56999969
1374,74.91500092,0.00411,6503.649312,39.36999893
1375,35.60499954,0.00421,8524.940395,25.65999985
1376,49.38499832,0.00583,12931.38943,35.66999817
1377,57.69499969,0.00246,7491.869927,33.79000092
1378,20.19499969,0.00893,4389.697584,45.52000046
1379,94.80500031,0.00286,3902.097992,44.40999985
1380,62.875,0.00455,7494.504845,36.56999969
1381,27.71999931,0.00625,5014.400024,54.49000168
1382,57.36000061,0.00498,8879.518283,40.29000092
1383,86.76999664,0.00589,7784.380223,46.50999832
1384,68.38999939,0.0045,6388.888889,46.72000122
1385,40.95000076,0.00484,4745.867477,41.43999863
1386,52.40999985,0.00461,8462.038436,34.97999954
1387,41.40999985,0.00381,6175.853291,47.77999878
1388,58.20000076,0.00684,3666.666574,41.20999908
1389,140.0350037,0.003,6583.333333,37.40000153
1390,27.85499954,0.00568,5103.873353,31.81999969
1391,72.36000061,0.00516,9286.821625,23.18000031
1392,80.01000214,0.00277,17971.11882,19.64999962
1393,21.23999977,0.02116,3623.818566,45.97000122
1394,154.4700012,0.0051,2258.823661,41.81999969
1395,52.63499832,0.00353,14422.09639,23.94000053
1396,27.72500038,0.00836,7391.148738,54.45999908
1397,59.98500061,0.00474,14052.74342,29.82999992
1398,87.84999847,0.00385,8200.000124,50.72999954
1399,20.87000084,0.01231,5904.955318,54.40000153
1400,60.41500092,0.00397,6977.330117,42.59999847
1401,67.04499817,0.00407,14127.76353,31.82999992
1402,33.04000092,0.00583,4403.087549,31.11000061
1403,49.33499908,0.00562,10583.63003,34.81999969
1404,75.37000275,0.00473,8073.995449,33.54999924
1405,50.82500076,0.00315,5101.58705,35.5
1406,48.43500137,0.00525,13072.38043,34.59999847
1407,54.33499908,0.00365,21550.68537,18.68000031
1408,19.92499924,0.01508,3559.681736,46.74000168
1409,103.9199982,0.00828,2138.888847,43.49000168
1410,25.37000084,0.00724,19853.59255,39.04999924
1411,27.69000053,0.00206,21334.95242,32.61999893
1412,32.125,0.00424,14516.51004,34.74000168
1413,37.98500061,0.00561,25713.01187,51.84999847
1414,44.83000183,0.00253,12909.09099,39.5
1415,19.01000023,0.00398,16369.34704,36.16999817
1416,30.12000084,0.00624,25440.70606,40.54000092
1417,46.16500092,0.0031,17409.67835,36.83000183
1418,24.80999947,0.00183,18584.6981,22.37000084
1419,33.95500183,0.00621,12136.87637,32.31000137
1420,24.42499924,0.00409,17770.17056,31.44000053
1421,29.88999939,0.00491,17417.51513,37.79000092
1422,42.97999954,0.00503,4172.962007,41.11999893
1423,26.55500031,0.0034,5523.529459,53.15999985
1424,37.71500015,0.00344,8188.953374,36.99000168
1425,36.13999939,0.00478,11985.35531,39.97000122
1426,27.32999992,0.00403,7270.470896,54.40999985
1427,50.22000122,0.00463,12179.26523,36.27000046
1428,61.04999924,0.00497,10812.87806,52.36999893
1429,56.02000046,0.00307,8504.886377,44.84000015
1430,30.75,0.00409,15418.09267,36.77999878
1431,37.06499863,0.00458,12299.12724,38.24000168
1432,39.88499832,0.00696,12818.96562,54.11999893
1433,31.78000069,0.00397,15569.26976,23.68000031
1434,69.37000275,0.00332,10972.89188,32.40999985
1435,33.88000107,0.00881,5879.681813,49.04999924
1436,49.40999985,0.00314,19726.11355,29.88999939
1437,55.72000122,0.00192,7484.375108,37.04000092
1438,19.77499962,0.01037,2756.991366,46.72000122
1439,89.18000031,0.00386,3373.057205,38.61999893
1440,26.10000038,0.00496,17514.11332,38.79000092
1441,28.06999969,0.0032,12396.87424,36.72999954
1442,35.60499954,0.00473,22308.66728,38.00999832
1443,48.90000153,0.00621,13954.91194,51.61999893
1444,46.56000137,0.00349,19787.96486,32.81999969
1445,25.98999977,0.00384,23653.64684,27.96999931
1446,27.82999992,0.00333,25108.10887,40.97000122
1447,38.41999817,0.00337,13329.37676,38.36999893
1448,39.28499985,0.0031,18364.51679,35.02999878
1449,46.34000015,0.00386,11437.82454,34.25
1450,29.46500015,0.0035,11645.71381,28.72999954
1451,41.36500168,0.00368,20516.30398,30.61000061
1452,48.83000183,0.00611,5384.615517,37.99000168
1453,24.94499969,0.00093,26193.54884,20.78000069
1454,56.16500092,0.00287,6794.425358,38.86000061
1455,31.37999916,0.00385,24841.5589,38.31999969
1456,26.81500053,0.00186,30516.1279,40.66999817
1457,24.24500084,0.00261,27080.46098,30.73999977
1458,34.24000168,0.00571,28169.87829,50.61999893
1459,42.72999954,0.00304,21249.99976,43.50999832
1460,15.94499969,0.00102,136490.1998,20.63999939
1461,26.09000015,0.00342,31587.71824,39.45999908
1462,26.59000015,0.00341,27812.31494,33.84000015
1463,23.55500031,0.00264,26303.03018,27.56999969
1464,33.07500076,0.00363,23077.13333,33.56999969
1465,24.46500015,0.00168,24595.23868,28.79000092
1466,27.19499969,0.00347,26400.57633,37.27000046
1467,39.30500031,0.00223,10493.27328,35.22999954
1468,19.94000053,0.00744,4749.999984,51.33000183
1469,36.41500092,0.0031,8038.709949,38.43000031
1470,26.43499947,0.00456,24383.77277,38.25
1471,27.21999931,0.00269,17118.95846,38.54000092
1472,28.78000069,0.00313,27760.38218,26.89999962
1473,41.08000183,0.0053,24596.22565,48.75
1474,49.13000107,0.00286,29625.87639,30.43000031
1475,16.26499939,0.00105,64133.33276,18.20000076
1476,32.14500046,0.00307,22205.21161,41.99000168
1477,29.55500031,0.00309,32815.53539,35.06000137
1478,28.05999947,0.00242,23719.00815,30.43000031
1479,35.38499832,0.0044,15054.54464,35.34999847
1480,19.81500053,0.003,24083.33333,26.57999992
1481,28.23999977,0.00445,26361.79833,35.97999954
1482,36.34500122,0.00352,4573.86377,45.77000046
1483,25.46500015,0.0026,7426.923144,51.86000061
1484,36.70500183,0.00307,9394.137062,37.20000076
1485,86.78500366,0.00426,4572.7696,39.25999832
1486,27.76499939,0.0061,3475.410015,54.52999878
1487,86.68499756,0.00396,6128.787935,41.27000046
1488,86.07499695,0.00511,5649.706475,47.25999832
1489,67.66500092,0.00518,4963.320451,49.75999832
1490,55.15499878,0.00548,6315.69352,34.02999878
1491,60.91500092,0.00498,5451.807131,46.18999863
1492,64.20500183,0.00613,6825.448511,25.35000038
1493,59.21500015,0.01305,1996.934796,34.27000046
1494,101.7850037,0.00514,8826.848271,29.79999924
1495,40.375,0.00801,2564.294673,52.27000046
1496,70.58999634,0.00594,8910.774376,29.87999916
1497,68.45999908,0.00274,3781.021759,31.40999985
1498,23.93499947,0.01607,3092.097049,44.63000107
1499,225.9450073,0.0044,2161.363642,42.65999985
1500,48.73500061,0.00541,8469.501107,31.35000038
1501,27.78000069,0.00639,3391.23639,54.43999863
1502,62.86500168,0.00494,9530.364633,41.81999969
1503,74.65499878,0.00443,8839.729428,51.77999878
1504,44.76499939,0.00378,9785.714804,48.66999817
1505,44.74000168,0.00444,9941.441176,30.40999985
1506,26.75,0.00415,10809.63845,40.90999985
1507,32.99499893,0.00469,8999.999695,38.08000183
1508,50.66999817,0.00425,11160.00007,30.20999908
1509,85.54499817,0.00348,8020.114855,34.90999985
1510,58.28499985,0.00559,8669.051478,46.61000061
1511,41.30500031,0.00475,15848.4208,23.26000023
1512,76.99500275,0.00375,4687.99998,36.04000092
1513,21.54500008,0.00678,1417.404035,45.86000061
1514,89.27999878,0.00251,4749.004033,29.77000046
1515,23.24500084,0.00537,18865.92174,41.36999893
1516,27.70999908,0.00305,14173.77056,35.20000076
1517,34.20000076,0.00417,26268.58487,28.87999916
1518,34.35499954,0.00351,19683.75969,48.29000092
1519,37.33000183,0.00425,20872.94096,42.31999969
1520,20.32999992,0.00292,22767.12384,31.67000008
1521,26.63500023,0.00361,22490.30604,43.08000183
1522,30.56999969,0.00319,20423.1976,40.52999878
1523,36.52500153,0.0021,24423.81107,36.06999969
1524,33.98500061,0.00503,13803.1804,32.40999985
1525,27.72999954,0.00431,19823.66672,31.55999947
1526,27.17499924,0.0042,20142.85769,33.52999878
1527,38.18500137,0.00414,10717.39139,38.91999817
1528,26.19000053,0.00347,6389.048961,47.33000183
1529,39.75999832,0.00257,6416.34249,40.34999847
1530,63.05500031,0.00398,6218.592935,38.20999908
1531,27.72500038,0.00623,3052.969567,54.49000168
1532,63.36999893,0.00496,7612.902829,36.52000046
1533,65.72499847,0.00504,6515.873095,43.86000061
1534,23.34000015,0.00719,6848.400735,54.45000076
1535,45.81499863,0.00431,10406.03227,31.37000084
1536,102.4150009,0.00414,7741.545959,39.56999969
1537,60.85499954,0.00511,5043.052795,51.47000122
1538,47.72000122,0.00454,5427.312686,42.04000092
1539,104.9449997,0.00541,4774.491803,37.77999878
1540,58.67499924,0.00562,5245.551627,24.37000084
1541,36.66999817,0.00835,6057.484972,54.09000015
1542,79.50499725,0.00486,4537.036755,27.70000076
1543,22.38500023,0.0087,1914.942553,43.11999893
1544,111.3700027,0.00478,1437.238407,39.95000076
1545,62.65499878,0.00349,6664.756494,40.43000031
1546,27.71999931,0.00598,6540.13386,54.49000168
1547,58.72999954,0.0054,7890.740714,39.47000122
1548,62.75500107,0.00506,7802.371539,38.36000061
1549,49.05500031,0.00472,4406.779695,49.81000137
1550,27.87999916,0.00625,7567.999878,31.09000015
1551,77.91999817,0.003,8156.666438,36.20000076
1552,46.66999817,0.00489,7924.335595,48.72999954
1553,53.49000168,0.00526,7262.357243,31.04000092
1554,78.44999695,0.0011,27990.90932,21.37999916
1555,27.32999992,0.01291,4164.213707,41.81000137
1556,91.33000183,0.00482,7769.709425,35.5
1557,72.34500122,0.00467,6034.261209,24.01000023
1558,19.18000031,0.019120001,964.435132,53.49000168
1559,108.8199997,0.00401,1820.448821,33.15999985
1560,27.76499939,0.00442,22380.0897,38.95000076
1561,27.51499939,0.00143,31139.86043,30.34000015
1562,31.55500031,0.00384,27221.35446,30.15999985
1563,36.65000153,0.00471,29562.63362,45.70999908
1564,41.93500137,0.00338,20005.91729,40.16999817
1565,18.37999916,0.00284,24049.29758,30.70000076
1566,28.90999985,0.00342,30654.96901,42.29000092
1567,29.35499954,0.00353,29181.30396,33.58000183
1568,32.43500137,0.00226,26566.3722,29.20999908
1569,33.31000137,0.00398,16753.76884,33.34999847
1570,25.21500015,0.00328,17573.1707,32.16999817
1571,36.38000107,0.00405,20903.70362,40.65000153
1572,37.00999832,0.00248,4092.74175,45.54000092
1573,18.41500092,0.00633,4243.286088,52.75
1574,28.11000061,0.00329,9866.261234,32.40999985
1575,37.85499954,0.00517,15309.47783,32.77000046
1576,27.30500031,0.00463,10799.1358,43.27000046
1577,41.40999985,0.00531,16376.64784,28.73999977
1578,41.00500107,0.00508,9372.047505,33.31000137
1579,61.26499939,0.004,12042.49954,46.02999878
1580,64.01499939,0.00356,13912.92123,40.16999817
1581,40.93999863,0.00324,16475.30892,31.61000061
1582,44.81000137,0.0056,13166.07225,49.75
1583,34.63000107,0.00441,14707.48364,28.81999969
1584,51.04999924,0.00484,8214.875427,41.45000076
1585,21.53000069,0.00103,28708.73837,16.23999977
1586,56.96500015,0.00341,12683.28414,40.50999832
1587,58.18000031,0.00211,5729.858177,35.06999969
1588,19.85000038,0.00845,3018.935006,46.83000183
1589,80.18000031,0.00288,5680.555542,41.84999847
1590,32.84000015,0.00384,32664.06331,46.27999878
1591,30.82500076,0.00157,31707.00453,28.36000061
1592,16.14500046,0.00362,22997.2383,32.54999924
1593,40.24499893,0.00414,29956.52189,45.81000137
1594,44.22999954,0.00277,22935.01777,35.40999985
1595,13.76500034,0.00123,65260.15886,19.30999947
1596,30.53000069,0.00406,30421.18322,40.84000015
1597,27.99500084,0.00288,27131.94315,24.17000008
1598,23.03499985,0.00375,21325.33366,27.30999947
1599,36.93999863,0.00342,20809.94052,34.75
1600,21.52499962,0.00126,55500.00066,18.44000053
1601,29.20999908,0.0037,34205.4043,42.40000153
1602,34.47000122,0.00262,8404.580695,42.99000168
1603,30.76499939,0.00396,9368.686393,46.65999985
1604,39.58499908,0.00208,14519.23167,33.65999985
1605,64.77999878,0.00456,4217.105216,41.16999817
1606,27.72999954,0.00655,3491.60308,54.52000046
1607,66.58499908,0.00517,6444.874121,36.5
1608,67.61000061,0.0066,4672.727363,45.61000061
1609,42.73500061,0.00999,2683.683692,52.06000137
1610,40.58000183,0.0063,3007.936538,34.27000046
1611,88.16000366,0.00275,8716.363387,42.16999817
1612,65.06999969,0.00687,2829.694448,44.34999847
1613,56.95000076,0.00576,7854.166646,29.19000053
1614,91.04000092,0.00629,2794.912564,45.16999817
1615,35.66999817,0.00812,3517.241363,34.68000031
1616,55.95000076,0.00435,5165.517197,36.45000076
1617,78.22000122,0.00377,6175.066526,34.54999924
1618,22.66500092,0.01085,1820.276434,44.61000061
1619,121.6449966,0.00528,2501.893847,42.13999939
1620,58.69499969,0.00396,5967.171448,34.74000168
1621,27.71999931,0.00613,3993.474565,54.45000076
1622,81.20999908,0.00346,7739.884506,29.28000069
1623,86.05999756,0.00341,6712.609623,45.75999832
1624,20.87999916,0.00711,5419.127715,54.38999939
1625,46.22999954,0.00308,8415.584649,22.73999977
1626,57.31999969,0.00456,6195.175516,47.11000061
1627,75.10500336,0.00436,4589.449453,43.24000168
1628,52.49499893,0.00393,7066.157757,34.45999908
1629,94.25499725,0.00175,10325.71411,33.24000168
1630,30.07999992,0.01004,2080.677238,28.51000023
1631,80.17500305,0.00459,6154.683891,35.70000076
1632,86.78500366,0.00249,2433.734907,26.79000092
1633,22.79999924,0.01333,1771.943059,45.52999878
1634,131.3399963,0.00256,1757.812539,46.34999847
1635,32.40999985,0.00449,15596.88248,34.11999893
1636,27.73999977,0.00521,8600.767955,54.47000122
1637,50.15499878,0.00378,12457.67209,42.38000107
1638,52.72999954,0.00918,15541.39362,50.41999817
1639,56.25500107,0.0054,8485.184979,39.18999863
1640,23.96999931,0.00504,13349.20621,34.11000061
1641,31.62000084,0.00863,8466.975519,52.18000031
1642,29.78499985,0.00607,5405.271902,38.13999939
1643,39.85499954,0.00363,12710.74323,38.68999863
1644,56.57500076,0.00508,6832.677088,41.59999847
1645,22.86499977,0.00583,5696.397859,34.50999832
1646,62.79000092,0.0041,13663.41506,35.40000153
1647,58.79000092,0.00257,4451.36182,36.04999924
1648,21.52499962,0.01065,2015.962449,46.75
1649,59.71500015,0.0044,4056.818181,43
1650,57.52500153,0.00486,7666.666111,34.58000183
1651,27.71999931,0.00536,5082.089383,54.45000076
1652,58.70999908,0.00557,10377.01929,35.02000046
1653,85.875,0.00582,6671.821424,50
1654,57.08499908,0.00378,11227.51295,31.11000061
1655,42.02500153,0.00541,10094.27027,29.73999977
1656,52.92499924,0.00722,8469.529543,38.34000015
1657,36.00999832,0.00476,5686.974452,49.41999817
1658,62.01499939,0.004,4672.500134,45.88000107
1659,92.33999634,0.00073,72917.80569,25.34000015
1660,28.25,0.00448,9111.607036,39.99000168
1661,51.03499985,0.00806,4171.215531,33.11000061
1662,77.24500275,0.00251,15310.75715,20.79999924
1663,19.92499924,0.01313,10239.14709,42.49000168
1664,128.125,0.00621,2892.109336,31.34000015
1665,48.34000015,0.00415,17804.81872,27.86000061
1666,27.31500053,0.00321,9414.329892,54.36000061
1667,58.41999817,0.00394,19063.45165,32.91999817
1668,66.51000214,0.00586,11312.28659,52.09999847
1669,23.51499939,0.00599,6903.171962,54.29000092
1670,29.53000069,0.00493,15505.07203,29.42000008
1671,68.55999756,0.00343,13233.23572,34.06000137
1672,50.96500015,0.0041,15309.75657,48.50999832
1673,31.03000069,0.00358,13407.82151,31.43000031
1674,89.59500122,0.00293,11723.5487,40
1675,26.57999992,0.00794,10285.8939,33.20000076
1676,68.375,0.00395,11648.1007,26.81999969
1677,55.00999832,0.0033,4442.42426,38.22999954
1678,21.81999969,0.006,2468.333403,44.66999817
1679,73.375,0.00312,4381.410442,40.88000107
1680,61.93500137,0.0041,6041.463667,38.99000168
1681,27.62999916,0.00588,3144.557723,54.54000092
1682,79.73500061,0.00427,7880.562453,34.47000122
1683,88.57499695,0.00397,4423.173637,50.15999985
1684,64.35500336,0.00384,5229.166764,49.36999893
1685,32.60499954,0.00491,7682.281546,27.26000023
1686,53.34500122,0.00349,7696.275225,29.22999954
1687,67.99500275,0.00541,2615.526805,52.84000015
1688,50.38000107,0.01193,4217.099756,37.08000183
1689,98.24500275,0.00344,3941.860522,45.38000107
1690,30.40500069,0.00661,2588.502309,35.70999908
1691,87.54000092,0.00388,8971.649574,35.86999893
1692,57.84500122,0.00622,2794.212178,28.18000031
1693,21.44000053,0.00743,1759.084791,52.45000076
1694,146.8899994,0.00366,2546.447944,41.93999863
1695,58.59999847,0.00334,23604.78993,26.78000069
1696,28.07500076,0.00033,121424.2367,16.02000046
1697,47.33000183,0.00502,15595.61777,29.19000053
1698,85.96499634,0.00367,9613.078487,47.31000137
1699,69.72499847,0.00309,9741.100718,41.81999969
1700,23.16500092,0.00424,14367.92487,31.13999939
1701,67.58999634,0.00269,12855.01899,24.78000069
1702,68.66500092,0.00368,9948.369551,38.77000046
1703,33.58000183,0.00534,16235.95402,31.95999908
1704,102.2099991,0.00209,8047.847074,30.20000076
1705,18.68499947,0.01062,3809.792799,52.74000168
1706,41.43000031,0.00468,11177.35113,29.56999969
1707,27.04999924,0.00408,1821.078423,43.68000031
1708,24.36000061,0.01055,3316.587777,40.77999878
1709,142.8049927,0.00337,3216.617365,39.34000015
1710,31.94000053,0.00436,11678.8983,41.29999924
1711,27.73500061,0.00506,11106.71964,54.47999954
1712,49.67499924,0.00331,9595.166398,41.47000122
1713,51.99499893,0.00673,12127.78641,50.74000168
1714,21.42000008,0.00799,8996.245221,54.43999863
1715,27.37000084,0.00362,13428.17739,27.12999916
1716,35.77500153,0.00972,8257.201639,49.54999924
1717,41.13499832,0.00791,10958.28091,37.13000107
1718,42.05500031,0.00301,14212.62422,34.68000031
1719,44.13999939,0.00503,7439.363143,36.50999832
1720,25.01499939,0.00535,4986.916034,33.09999847
1721,48.875,0.00345,12107.24634,38.13999939
1722,54.57500076,0.00306,3624.183124,40.31000137
1723,23.54500008,0.00971,2486.096735,45.22000122
1724,74.19499969,0.0028,3207.142748,44.79000092
1725,52.22000122,0.00451,8798.225785,35.02000046
1726,27.70499992,0.00714,6336.134807,54.40999985
1727,49.41500092,0.0059,8438.98307,31.87000084
1728,81.625,0.0058,7384.482831,46.13000107
1729,42.31499863,0.00362,12480.66346,23.98999977
1730,30.34499931,0.00497,8154.929676,37.15999985
1731,78.03500366,0.00405,10543.20957,29.28000069
1732,69.69499969,0.00532,7184.210524,49.25
1733,50.21500015,0.00239,13782.4256,27.15999985
1734,112.3899994,0.00269,6122.676194,41.84000015
1735,25.65999985,0.00419,5601.431741,31.80999947
1736,94.44499969,0.00366,8193.988816,41.75
1737,56.29499817,0.00247,18838.05597,21.06999969
1738,21.77000046,0.01353,3095.343821,43.99000168
1739,122.9250031,0.00365,4583.561399,42.63999939
1740,30.89500046,0.00493,12367.14064,39.88999939
1741,27.73500061,0.00244,14545.08231,41.61000061
1742,45.41500092,0.00396,13674.24268,39.15000153
1743,46.375,0.00565,18428.31876,53.25
1744,50.97999954,0.00337,14504.45185,39.93999863
1745,25.52499962,0.00383,15198.43348,33.75999832
1746,30.37000084,0.00316,24693.03692,35.04999924
1747,26.19000053,0.00305,50295.08075,28.10000038
1748,30.78000069,0.00779,8840.821962,37.49000168
1749,43.81999969,0.00497,9476.86126,40.40999985
1750,37.11999893,0.00464,9773.706849,28.93000031
1751,36.63499832,0.00424,14316.03869,38.54999924
1752,53.72000122,0.00242,4983.471091,38.27999878
1753,20.07999992,0.0098,5817.346654,45.59000015
1754,50.27000046,0.00534,4162.921144,45.81000137
1755,26.88500023,0.00559,11606.43926,39.84000015
1756,27.75499916,0.00564,6203.901154,53.91999817
1757,58.72499847,0.00331,10311.17875,38.45000076
1758,50.56999969,0.00509,11147.34774,39.72999954
1759,21.20999908,0.00925,10341.62202,50.56000137
1760,23.76499939,0.00438,10504.56555,36.38999939
1761,43.74000168,0.00326,10383.43515,40.68999863
1762,41.29499817,0.00413,11929.78186,42.49000168
1763,36.52000046,0.00556,10402.87783,37.00999832
1764,44.04499817,0.00656,8542.683141,29.39999962
1765,46.18999863,0.00339,10758.11212,37.36000061
1766,44.93500137,0.00418,16246.41303,32.90999985
1767,45.29000092,0.00261,4042.145829,37.70000076
1768,20.02499962,0.0089,5632.584631,45.54999924
1769,69.28500366,0.00305,3304.918059,41.04000092
1770,31.76499939,0.00339,6952.802055,33.36000061
1771,47.81000137,0.0045,6391.111162,32.38000107
1772,48.05500031,0.00321,9548.286372,31.75
1773,43.83499908,0.00464,7323.275974,41.81999969
1774,46.28499985,0.00367,6425.067966,45.54000092
1775,25.85000038,0.00442,7975.112985,39.59999847
1776,63.00999832,0.00322,9698.757536,29.95000076
1777,45.71500015,0.00444,8310.811047,28.62999916
1778,49,0.00477,6775.681305,36.91999817
1779,59.53499985,0.00293,5191.126175,37.40000153
1780,23.49500084,0.00337,6192.878798,29.62000084
1781,58.24000168,0.00272,9584.558611,25.87999916
1782,55.95500183,0.00294,2748.29924,39.93999863
1783,37.41999817,0.00614,2332.247558,25.75
1784,72.55500031,0.00266,1654.135321,46.22999954
1785,63.94499969,0.00559,9570.661635,34.75999832
1786,27.78000069,0.00652,5340.490766,54.52999878
1787,77.69000244,0.00466,9036.481114,39.79999924
1788,79.59999847,0.00462,8982.684205,46.54000092
1789,19.05500031,0.01167,6138.817388,54.49000168
1790,58.04499817,0.00332,10063.25317,35.90000153
1791,75.56500244,0.00404,8717.822167,40.97999954
1792,60.85499954,0.00729,3626.886238,46.90999985
1793,79.76000214,0.00808,9805.693577,31.37000084
1794,115.9850006,0.00405,3997.530808,39.09999847
1795,25.91500092,0.01006,6273.35964,54.09000015
1796,43.36999893,0.00671,14800.29761,38.02999878
1797,88.49500275,0.00401,6643.39099,29.59000015
1798,23.44499969,0.016889999,817.0515506,39.91999817
1799,117.2099991,0.00343,3049.562634,40.16999817
